electricity_usage_kwh,gas_usage_m3,water_usage_ton,energy_eff_appliance_ratio,participate_energy_eff_support,participate_high_eff_equip_support,food_waste_kg_per_day,recycle_waste_kg_per_day,yellow_umbrella_member,yellow_umbrella_months,yellow_umbrella_amount,employment_insurance_employees,customer_review_avg_rating,customer_review_positive_ratio,hygiene_certified,____
3079.68,1047.96,17.02,47.24,0,0,6.78,1.84,0,0,0,0,4.19,87,0,0
3830.57,883.13,11.86,30.89,0,0,12.1,4.81,0,0,0,0,4.93,37.29,0,0
2524.16,1037.66,33.19,23.4,1,0,1,0.35,0,0,0,0,4.03,56.6,0,0
4191.46,927.95,29.49,12.81,0,0,3.65,0.88,0,0,0,0,2.54,80.41,0,0
2914.72,962.75,21.55,35.87,0,0,11.56,3.16,0,0,0,0,4.66,80.15,0,0
1881.33,302.11,13.39,61.54,0,0,9.34,3.37,0,0,0,0,3.38,48.34,0,0
2264.71,330.42,20.77,13.73,0,0,8.47,4.15,1,206,725000,0,3.79,79.17,0,0
2389.85,312.75,19.57,26.15,0,0,13.14,5.62,0,0,0,0,3.26,89.9,0,0
4185.04,841.26,7.06,7.02,0,0,6.67,2.09,0,0,0,0,4.01,98,0,0
2390.31,352.09,10.85,30.23,0,0,11.83,5.1,0,0,0,0,4.63,63.51,0,0
1346.47,918.04,13.1,59.12,0,0,15.53,7.36,0,0,0,0,4.85,62.71,0,0
2148.38,797.27,11.83,32.03,0,0,13.03,3.63,0,0,0,0,4.18,84.75,0,0
1374.73,749.1,20.72,5,0,0,16.9,6.86,1,161,71000,0,5,61.04,0,0
2286.13,476.25,13.19,25.13,0,0,9.45,3.73,0,0,0,0,3.92,72.79,0,0
3444.91,685.36,8.84,47.58,0,0,3.57,1.77,0,0,0,0,4.31,92.83,0,0
2658.52,949.2,23.53,48.76,0,0,14.03,7.98,1,137,653000,0,4.79,81.7,0,0
2043.57,1368.05,20.74,12.98,0,0,11.07,4.33,0,0,0,0,3.91,63.38,0,0
2479.48,274.03,12.94,69.02,0,0,8.41,2.9,1,55,314000,0,4.11,83.39,0,0
3082.92,794.49,5.95,22.76,0,0,4.5,1.25,0,0,0,0,3.51,64.47,0,0
655.74,1074.19,18.64,24.09,0,0,6.21,2.46,0,0,0,0,3.37,84.84,0,0
2215.84,548.33,17.51,43.33,0,0,7.58,2.8,0,0,0,0,3.64,87.77,0,0
2249.19,849.89,24.83,37.61,0,0,5.69,0.37,1,87,492000,0,4.73,73.06,0,0
2924.22,736.49,5.03,65.59,0,0,11.21,4.92,0,0,0,0,3.95,54.69,0,0
2802.69,910.38,21.07,19.99,0,0,1.76,0.71,1,186,886000,0,3.98,71.64,0,0
2887.16,493.78,20.32,14.36,0,0,6.14,3.46,0,0,0,0,4.71,62.98,0,0
2379.85,673.48,9.42,54.48,0,0,5.75,3.67,1,141,536000,0,3.64,92.75,0,0
3282.51,1087.66,16.72,12.83,1,0,3.7,0.72,0,0,0,0,2.93,98,0,0
2821.48,1275.8,5.14,42.71,0,0,1,0.38,0,0,0,0,4.45,86.02,0,0
2435.21,542.12,15.77,70.31,0,0,10.7,5.61,1,87,426000,0,5,94.39,0,0
1852.46,1177.89,25.66,12.71,0,0,2.87,1.07,0,0,0,0,2.74,70.83,0,0
2619.56,532.29,11.27,23.08,0,0,5.42,2.25,0,0,0,0,2.83,73.15,0,0
1991.8,1129.79,15.23,40.39,0,0,2.32,0.76,0,0,0,0,3.32,75.54,0,0
1548.51,199.79,19.95,5.41,0,0,1,0.37,0,0,0,0,4.77,93.82,0,0
2956.21,1408.13,21.59,31.53,0,0,10.44,3.62,0,0,0,0,3.72,69.82,0,0
874.01,550.97,22.94,52.25,0,0,5,2.65,0,0,0,0,4,98,0,0
1960.6,624.57,21.28,52.46,0,0,4.65,1.7,1,202,72000,0,4.71,69.03,0,0
2115.92,226.64,17.84,35.66,0,0,9.36,5.17,1,144,647000,0,3.85,77.47,0,0
2720.22,900.12,27.94,56.94,0,0,2.14,1.09,0,0,0,0,3.8,78.19,0,0
3572.97,318.97,16.24,6.52,0,0,7.15,2.96,1,134,130000,0,5,77.68,0,0
4216.94,1210.19,8.58,47.21,0,0,2.58,0.89,0,0,0,0,4.61,70.54,0,0
2376.13,693.66,18.87,5,0,0,11.89,4.66,0,0,0,0,4.45,95.53,0,0
2153.28,971.5,2,71.15,0,0,16.05,8.39,1,36,578000,0,4.61,84.27,0,0
2041.81,825.66,3.8,28.89,0,0,6.6,2.49,1,55,536000,0,4.94,93.58,0,0
2610.87,789.95,14.06,23.39,0,0,9.56,2.62,1,163,441000,0,4.05,63.69,0,0
3253.29,879.64,16.68,42.54,0,0,5.62,2.32,0,0,0,0,4.48,42.33,0,0
2500.78,771.68,2.33,52.11,0,0,12.88,4.13,0,0,0,0,2.99,93.84,0,0
3081.22,814.14,19.27,46.25,0,0,6.17,1.91,0,0,0,0,3.3,72.14,0,0
3203.29,1233.11,16.03,13.12,0,0,13.3,6.36,1,19,142000,0,3.28,70.03,0,0
3013.09,1313.62,6.52,18.42,0,0,18.57,3.79,1,203,777000,4,4.81,98,0,0
1183.36,798.46,6.06,34.43,0,0,7.56,2.63,0,0,0,0,3.88,30.81,0,0
2113.69,1292.91,21.05,5,1,0,9.72,3.77,0,0,0,0,4.11,98,0,0
3009.43,667.07,12.17,5,0,0,7.09,3.13,1,2,280000,0,3.99,46.08,0,0
3576.54,635.25,13.67,42.38,0,0,6.3,1.77,1,89,630000,0,5,72.33,0,0
1053.32,503.35,8.46,38.03,0,0,9.55,4.43,1,210,412000,5,2.81,90.53,0,0
2268.07,915.02,2,31.63,0,0,7.18,3,0,0,0,0,5,52.09,0,0
2572.33,756.41,16.75,45.59,0,0,4.29,0.84,0,0,0,0,4.6,20.96,0,0
2954.86,926.17,25.17,32.84,0,0,4.12,2.08,0,0,0,0,5,84.48,0,0
1967.81,681.45,2,35.96,0,0,9.08,3.41,0,0,0,0,4.11,84.13,1,0
2539.17,394.67,22,44.77,0,0,5.37,1.24,1,65,567000,0,4.48,83.58,0,0
2551.56,892.52,27.46,5,0,0,7.98,4.57,1,83,571000,0,4.32,86.57,0,0
2564.07,671.59,7.57,37.36,0,0,1,0.47,0,0,0,0,4.59,65.34,0,0
2880.49,475.66,25.41,48.08,0,0,6.79,1.37,0,0,0,0,4.62,61.83,0,0
2494.04,1207.7,7.3,62.34,1,0,1.66,0.62,0,0,0,0,3.89,52.48,0,0
2597.22,589.26,8.68,13.56,0,0,8.45,3.52,0,0,0,0,2.66,20.07,0,0
3726.11,889.21,30.09,32.86,0,0,8.62,3.45,0,0,0,0,4.15,98,0,0
3863.35,50,22.86,41.04,0,0,6.38,1.94,0,0,0,0,5,98,0,0
2276.91,570.57,22.34,30.55,0,0,8.69,3.64,0,0,0,0,2.22,97.82,0,0
2169.93,1004.96,23.02,14.97,0,0,6.09,2.92,1,109,174000,0,5,91.93,0,0
3921.72,353.81,19.85,31.88,0,0,3.01,1.3,1,186,367000,0,4.46,72.32,0,0
3676,397.8,5.52,5,0,0,8.34,3.48,0,0,0,0,4.19,98,0,0
2186.59,1033.01,6.96,17.2,0,0,8.31,4.49,0,0,0,0,4.32,98,0,0
1758.67,717.33,2,5,0,0,4.32,1.96,0,0,0,0,5,58.44,0,0
1972.83,696.3,3.56,57.19,0,0,9.7,4.58,1,140,502000,0,4.66,98,0,0
2490.12,572.88,11.19,51.72,0,1,3.04,1.21,1,210,460000,0,5,74.62,0,0
1313.62,568.14,30.56,5,0,0,6.46,2.09,0,0,0,0,4.63,82.16,0,0
2608.29,837.79,21.14,5,1,0,14.19,8.14,1,200,208000,0,4.56,78.98,0,0
2252.32,652.06,20.08,42.11,0,0,7.06,1.74,0,0,0,0,4.06,70.28,0,0
2477.76,1653.01,23.21,22.49,0,0,13.26,6.72,0,0,0,0,4.95,89.44,0,0
3045.4,299.72,11.24,34.7,0,0,12.74,4.24,1,26,99000,0,3.01,75.93,0,0
3759.93,797.18,28.83,66.68,0,0,8.06,2.84,1,50,827000,0,4.1,80.1,0,0
3026.73,509.27,16.09,36.39,0,0,7.96,3.35,1,131,195000,0,3.77,64.8,0,0
3212.18,438.73,10.84,56.92,0,0,14.35,5.96,1,125,70000,0,3.02,96.56,0,0
500,891.68,8.88,5,0,0,7.71,3.74,1,145,872000,0,5,80.02,0,0
2785.27,850.02,23.32,19.38,0,0,15.22,5.76,0,0,0,0,4.41,98,0,0
2556.33,995.18,19.02,56.57,0,0,3.64,1.67,0,0,0,0,3.32,70.5,0,0
2852.92,807.54,2.28,33.73,0,1,10.86,3.57,1,49,576000,0,2.77,75.62,0,0
3041.27,1174.1,13.22,9.96,0,1,3.95,1.69,0,0,0,0,5,94.84,0,0
3299.01,824.76,22.23,5,0,0,11.81,4.82,0,0,0,0,4.4,85.25,0,0
3323.57,996.97,9.13,11.72,0,0,5.56,1.42,0,0,0,0,4.42,72.72,0,0
3277.35,522.66,12.58,29.57,0,0,8.19,3.4,0,0,0,0,4.25,45.86,0,0
3663.55,447.07,18.94,5,0,0,15.82,4.28,0,0,0,0,4.58,27.7,0,0
2917.72,641.21,24.51,7.16,0,0,6.53,2.63,0,0,0,0,4.12,58.96,0,0
4327.16,435.9,22.3,18.81,0,0,17.47,7.61,1,179,395000,0,4.29,76.12,0,0
872.18,790.27,22.97,31.77,0,1,7.1,1.13,1,78,162000,0,3.15,98,0,0
1926.03,1007.48,4.58,24.93,0,0,12.91,5.18,1,36,611000,0,4.63,52.07,0,0
4256.61,1209.59,6.96,44.72,0,0,7.68,3.78,0,0,0,0,4,59.59,0,0
2376.39,830.69,7.41,63.8,0,0,6.29,2.91,0,0,0,0,5,98,0,0
2506,1282.92,15.55,58.19,1,0,9.74,4.68,0,0,0,0,3.59,72.46,0,0
1773.75,582.87,2.77,43.74,0,0,8.82,2.62,1,47,868000,0,3.6,94.08,0,0
3316.68,1167.16,19.11,5,0,0,10.98,3.27,0,0,0,0,4.41,56.88,0,0
3264.64,605.36,11.19,46.59,0,0,12.65,4.29,1,65,451000,0,3.9,31.92,0,0
1913.9,650.39,2,5,0,0,3.48,1.82,0,0,0,0,3.71,98,0,0
2774.21,1092.42,14.01,28.14,0,0,9.9,2.41,0,0,0,0,2.96,88.88,1,0
4069.57,315.83,11.68,25.56,0,0,13.04,3.6,1,105,827000,0,5,50.45,0,0
2134.26,848.86,25.13,56.67,0,0,3.06,1.48,0,0,0,0,3.86,52.63,0,0
2805.88,427.78,19.6,47.95,0,0,9.11,5.37,1,156,583000,0,4.56,81.13,0,0
2266.83,1019.3,4.19,62.3,0,0,2.41,0.93,1,142,382000,0,3.77,76.25,0,0
2750.68,1332.36,13.78,5,0,0,5.85,2.87,1,100,266000,0,3.6,84.24,0,0
2163.79,1106.89,29.1,7.1,0,0,14.52,8.74,0,0,0,0,5,42.06,0,0
2709.96,741.6,11.29,8.61,0,0,8.27,4.39,0,0,0,0,4.8,73.16,0,0
2820.63,258.68,9.21,44.88,0,0,5.79,2.92,0,0,0,0,3.71,62.29,0,0
2581.16,98.21,10.54,48.3,0,0,7.1,3.45,0,0,0,0,4.53,92.02,0,0
3014.13,752.42,11.81,24.7,0,0,13.3,4.8,1,162,120000,0,3.07,58.83,0,0
2113.35,576.63,8.82,78.94,0,0,3.41,1.26,0,0,0,0,4.48,67.27,0,0
3311.25,1355.12,20.67,46.29,0,1,15.17,5.84,1,112,501000,0,3.48,47.18,0,0
5017.55,935.42,13.81,71.96,0,0,14.44,4.08,0,0,0,0,4.74,75.79,0,0
2451.55,877.64,24.22,47.37,1,0,12.55,3.01,1,2,732000,0,4.14,83.66,0,0
3340.59,980.02,26.26,27.49,0,0,15.03,6.08,1,29,736000,0,5,98,0,0
2733.33,629.65,30.7,67.95,0,0,2.44,0.96,0,0,0,0,3.46,83.42,0,0
2949.1,1038.61,32.95,52.98,0,0,1,0.41,0,0,0,0,3.34,62.57,0,0
1739.18,885.23,15.64,28.6,0,0,6.31,1.96,0,0,0,0,4.4,41.58,0,0
3271.55,1031.02,12.69,37.86,0,0,6.12,2.52,0,0,0,0,4.39,98,0,0
3164.78,709.95,20.62,19.36,0,0,6.33,2.91,0,0,0,0,4.35,89.47,0,0
2278.93,503.25,8.5,5,0,0,4.18,1.65,0,0,0,0,4.9,59.18,0,0
2843.32,426.64,12.94,10,0,0,9.73,2.46,0,0,0,0,5,97.42,0,0
1972.75,978.13,22.09,46.95,0,0,8.32,3.3,1,132,132000,0,3.49,79.76,0,0
3085.76,871.93,13.98,17.56,0,0,10.42,6.17,0,0,0,0,5,66.88,0,0
2557.45,175.16,13.38,24.04,0,0,8.86,3.97,1,46,225000,0,4.92,70.86,0,0
3582.5,620.39,17.02,54.78,0,0,5.05,2.31,0,0,0,0,5,67.96,0,0
1440.71,1109.36,28.04,28.77,0,0,8.96,3.51,0,0,0,0,3.21,63.92,0,0
3715.76,781.76,18.88,64.61,0,0,8.69,2.2,0,0,0,0,3.2,98,0,0
3572.49,1259.41,16.03,29.82,1,0,7.26,3.47,0,0,0,0,4.75,98,0,0
1010.31,1014.85,10.75,42.97,0,0,7.87,5.08,1,171,422000,0,3.59,98,0,0
2780.21,858.47,11.75,7.08,0,0,11.19,5.35,0,0,0,0,4.78,81.04,0,0
2057.51,1328.47,9.6,44.45,0,0,1,0.38,1,201,995000,0,3.96,90.09,0,0
2286.15,1013.31,20.99,36.12,0,0,1,0.36,0,0,0,0,4.86,98,0,0
3412.79,734.37,20.4,17.64,0,0,7.79,1.3,0,0,0,0,4.52,54.2,0,0
2840.53,990.35,20.73,30.14,0,0,8.67,3.82,0,0,0,0,4.63,52.75,0,0
3822.3,1043.97,5.8,35.71,1,0,17,10.87,1,175,872000,0,3.03,85.2,0,0
3268.37,1601.84,9.18,30.82,0,0,9.62,3.96,1,86,396000,0,3.83,61.38,0,0
3703.37,991.87,14.22,5,0,0,5.35,2.5,0,0,0,0,4.36,81.53,0,0
2223.09,1094.61,12.21,46.29,0,0,8.73,2.52,0,0,0,0,5,90.77,0,0
2023.06,819.8,25.01,16.33,0,0,13.24,7.63,0,0,0,0,2.84,80.5,0,0
3057.23,935.03,21.82,23.23,0,0,9.82,3.73,0,0,0,0,4.57,69.16,0,0
2769.4,1117.11,8.23,83.18,0,0,4.1,1.74,0,0,0,0,4.61,66.08,0,0
2745.49,824.4,7.81,24.78,0,0,3.76,1.7,1,195,672000,0,3.69,85.36,0,0
2644.04,847.93,24.19,49.93,0,1,6.71,2.79,0,0,0,0,4.64,65.06,0,0
2303.5,682.56,12.02,40.86,0,0,11.5,4.51,0,0,0,0,2.87,64.59,0,0
2072.56,1004.36,15.51,34.02,0,0,3.88,1.76,1,5,263000,0,4.36,63.73,0,0
944.37,1392.62,35.25,23.51,1,0,11.51,7.72,0,0,0,0,3.46,70.01,0,0
2406.54,798.07,18.58,34.81,0,0,5.72,2.04,0,0,0,0,4.39,69.81,0,0
3156.06,906.03,22.11,5,0,0,10.15,2.68,1,152,440000,0,4.32,94.82,0,0
1880.25,750.05,12.17,35.86,0,0,7.29,3.4,0,0,0,0,4.19,60.37,1,0
1298.04,920.56,11.04,41.33,0,0,7.38,3.21,0,0,0,0,4.05,58.41,0,0
4334.91,519.82,17.95,73.06,0,0,7.92,2.89,0,0,0,0,3.11,55.88,0,0
2499.6,912.56,29.36,5,0,0,12.79,5.64,1,166,557000,0,3.93,95.3,0,0
1392.8,747.15,23.69,20.45,0,0,9.29,4.11,1,8,354000,0,5,69.99,0,0
4254.18,1187.38,22.44,21.76,0,0,8.37,5.24,0,0,0,0,4.54,61.49,0,0
2640.89,504.29,6.06,17.22,0,0,6.99,2.27,0,0,0,0,3.6,71.65,0,0
3023.72,617.4,18.95,9.7,0,0,5.62,1.34,0,0,0,0,4.65,91.75,0,0
1189.76,839.19,7.03,35.38,0,0,9.01,3.96,0,0,0,0,3.77,80.2,0,0
4031.6,1351.53,21.77,17.8,0,0,2.33,1.02,0,0,0,0,4.58,20,0,0
3206.14,618.47,14.02,90,0,0,5.38,2.05,0,0,0,0,3.61,98,0,0
1978.44,972.19,17.28,5,0,0,5.56,2.66,0,0,0,0,3.38,78.25,0,0
1784.69,939.04,18.09,48.04,0,0,5.49,1.71,0,0,0,0,3.55,57.39,0,0
2403.81,988.8,17.99,27.18,0,0,11.57,5.82,1,190,817000,0,4.15,56.92,0,0
1994.12,626.83,31.6,58.24,0,0,7.18,2.27,1,71,650000,0,3.12,98,0,0
2872.77,959.91,21.07,41.85,0,0,4.2,0.68,1,65,529000,0,3.57,38.5,0,0
2044.08,989.89,23.28,33.85,0,0,6.06,2.82,0,0,0,0,3.79,58.51,0,0
3166.32,603.12,5.44,5,0,0,4.86,1.54,0,0,0,0,3.5,70.36,0,0
3063.63,509.93,13.03,73.74,1,0,9.37,4.36,0,0,0,0,3.18,98,0,0
2569.78,810.06,15.25,66.17,0,0,8.56,5.21,0,0,0,0,4.41,98,0,0
2891.34,1216.52,18.06,53.2,0,0,7.63,5.08,0,0,0,0,4.06,77.37,0,0
2173.07,883.6,11.81,6.18,0,0,1.44,0.26,0,0,0,0,4.7,98,0,0
1112.79,785.95,12.92,35.49,0,0,12.93,5.31,0,0,0,0,4.48,39.65,0,0
2811.02,1169.13,20.74,54.31,0,0,7.76,3.71,0,0,0,0,3.88,58.21,0,0
2964.62,815.58,8.14,70.65,1,0,5.85,2.73,0,0,0,0,4.52,63.67,0,0
1979.34,1043.9,6.76,10.95,0,0,9.65,3.64,1,169,382000,0,3.58,54.09,0,0
1987.42,664.42,5.79,46.62,0,0,1,0.36,0,0,0,0,3.28,67.4,0,0
2577.57,568.49,24.05,19.17,0,0,11.02,4.63,0,0,0,0,3.68,49.94,0,0
3390.23,832.17,20.42,48.75,0,0,6.16,1.92,0,0,0,0,5,52.76,0,0
4078.77,1161.92,5.9,34.19,1,0,6.09,3.01,0,0,0,0,3.32,78.42,0,0
2372.22,974.72,15.71,15.45,0,0,9.03,4.91,0,0,0,0,4.6,43.84,0,0
1955.36,987.2,8.86,90,0,0,10.78,3.35,0,0,0,0,4.47,60.48,0,0
3028.14,621.57,19.99,53.1,0,0,11.66,4.08,0,0,0,0,4.25,75.39,0,0
2670.58,629.01,18.09,58.39,0,0,2.14,1.01,0,0,0,0,3.92,88.46,0,0
2009.05,434.41,13.24,68.51,0,0,4.45,1.14,0,0,0,0,5,82.27,0,0
1971.84,1174.48,12.07,9.08,0,0,13.4,5.81,1,133,616000,0,4.5,66.17,0,0
2030.61,844.37,25.28,64.59,0,0,9.24,2.49,0,0,0,0,4.31,81.79,0,3
2490.51,442.72,14.8,16.96,0,0,10.76,4.91,0,0,0,0,4.8,80.94,0,0
2383.48,538.12,8.01,56.11,0,0,7.59,2.75,0,0,0,0,5,68.04,0,0
710.54,997.73,13.79,49.69,0,0,4.73,2.45,0,0,0,0,3.94,80.24,0,0
3850.94,942.28,24.15,21.29,0,0,3.85,1.84,1,182,888000,0,4.24,49.56,0,0
2565.37,1032.5,2,39.76,0,0,7.48,2.74,0,0,0,0,3.83,72.32,0,0
2750.86,1348.29,3.01,5,0,0,7.86,4,0,0,0,0,4.37,67.59,0,0
2554.33,223.48,26,34.27,0,0,9.02,3.41,0,0,0,0,4.43,45.68,0,0
3468.4,818.74,9.59,29.58,0,0,8.4,4.17,1,74,183000,0,3.21,85.11,0,0
2814.1,662.84,7.74,32.97,0,0,1,0.36,1,70,498000,0,2.54,98,0,0
3516.81,915.98,18.17,20.2,0,0,7.75,3.64,0,0,0,0,4.29,62.47,0,0
2519.7,892.3,4.98,26.52,0,0,7.82,3.4,1,79,145000,0,4.33,73.53,0,0
2140.92,1235.92,17.55,39.45,0,0,9.89,4.32,0,0,0,0,4.37,98,0,0
2394.74,829.08,9.73,51.92,0,0,8.11,4.12,0,0,0,0,5,63.56,0,0
2927.56,1062.84,28.17,5,1,0,11.15,3.75,1,110,971000,0,1.88,72.64,0,0
2491.54,1209.53,8.52,54.62,0,0,4.8,1.48,1,112,247000,0,3.72,98,0,0
2488.86,1009.96,16.54,65.03,0,0,2.85,1.13,1,107,133000,0,4.51,98,0,0
2330.9,1188.26,13.81,24.64,0,0,3.24,1.36,0,0,0,0,3.14,48.83,0,0
1784.5,1283.45,3.9,87.01,0,0,4.31,1.02,1,135,583000,0,4.29,39.68,0,0
1659.95,678.33,3.15,41.04,0,0,2.87,0.64,0,0,0,0,3.92,98,0,0
2479.64,227.99,18.13,21.52,0,0,6.17,1.87,0,0,0,0,3.13,98,0,0
2085.63,111.86,33.71,50.99,0,0,10.06,5.41,0,0,0,0,5,76.81,0,0
2682.52,970.69,19.87,35.34,0,0,11.11,4.56,0,0,0,0,3.37,64.41,0,0
1575.47,1053.85,13.32,45.89,1,0,8.81,3.57,0,0,0,0,4.9,37.93,0,0
2120.55,812.79,21.58,33.73,0,0,1.59,0.55,0,0,0,0,4.47,68.58,0,0
2804.87,774.38,2,88.2,1,0,5.82,2.37,0,0,0,0,4.31,63.49,0,0
2282.05,875.74,10.77,19.02,0,0,12.26,4.13,0,0,0,0,2.51,44.09,0,0
2776.28,626.9,9.6,38.8,0,0,9.33,3.71,1,40,901000,0,4.87,61.4,0,0
1000.45,707.9,8.34,51.77,0,0,8.58,0.34,0,0,0,0,3.14,81.28,0,0
1812.14,942.23,15.51,84.71,1,0,6.2,2.58,0,0,0,0,4.4,26.75,0,0
2395.05,812.5,5.55,26.25,0,0,2.11,0.92,0,0,0,0,4.34,84.51,0,0
3788.75,610.59,9.03,60.09,0,0,9.25,3.91,1,149,319000,0,4.52,42.2,0,0
1931.35,541.63,11.82,65.74,0,0,18.28,7.18,1,2,188000,0,3.59,98,0,0
3915.14,887.37,27.24,38.52,0,0,5.72,1.81,0,0,0,0,4.45,79.13,0,0
2906.51,506.7,14.09,43.02,0,0,6.24,1.96,0,0,0,0,5,68.95,0,0
3063.78,573.1,3.93,26.43,0,0,3.97,1.62,1,133,900000,0,4.01,75.66,0,0
1946.53,868.48,16.23,26.41,0,0,1.66,0.5,0,0,0,0,4.51,73.64,0,0
2390.28,1113.15,17.81,55.93,0,0,11.07,5.47,0,0,0,0,4.45,45.82,0,0
2959.93,879.69,11.47,57.67,0,0,7.13,2.46,0,0,0,0,4.38,93.42,0,0
2503.48,1061.73,6.52,46.77,0,0,9.18,3.5,0,0,0,0,4.4,60.7,0,0
2985.56,1127.11,2,58.68,0,0,11.23,2.22,0,0,0,0,5,55.62,0,0
1144.45,925.46,13.89,30.71,0,0,13.43,5.11,0,0,0,0,5,39.37,0,0
3065.82,501.72,3.57,71.55,0,0,1,0.38,0,0,0,0,4.53,98,0,0
3002.26,630.46,22.61,14.67,0,0,11.22,4.41,0,0,0,0,4.44,76.5,0,0
1213.95,757.17,15.21,34.57,1,0,11.6,4.35,1,98,833000,0,4.04,51.02,0,0
3756.9,662.85,2,46.72,0,0,15.02,8.58,1,95,889000,0,3.43,86.08,0,0
3980.6,1386.7,22.74,36.22,0,0,8.09,3.82,0,0,0,0,3.44,95.7,0,0
2645.76,1095.16,9.67,33.38,0,0,10.84,4.88,0,0,0,0,5,49.61,0,0
2542.77,387.28,15.32,45.23,0,0,11.36,3.54,1,12,832000,0,4.7,98,0,0
2703.67,543.77,25.19,54.79,0,0,4.88,2.08,0,0,0,0,4.35,94.25,0,0
3627.97,752.28,17.84,23.47,0,0,5.82,2.17,0,0,0,0,4.51,98,0,0
1837.41,1076.27,13.49,54.63,0,0,9.69,2.81,0,0,0,0,4.63,97.8,0,0
3904.09,839.52,2,57.08,0,0,9.49,3.68,0,0,0,0,3.98,54.31,0,0
3931.57,682.06,10.06,41.58,0,0,8.93,3.13,0,0,0,0,3.63,98,0,0
2941.08,739.82,27.45,49.27,0,0,13.55,5.85,0,0,0,0,4.11,61.11,1,0
2561.37,322.14,23.18,5,0,0,6.62,2.65,0,0,0,0,3.98,65.06,0,0
3494.51,472.83,19.79,17.26,0,0,7.65,3.65,1,8,465000,0,5,53.07,0,0
1719.68,591.91,13.29,14.97,0,0,7.1,2.8,0,0,0,0,4.37,68.48,0,0
2178.43,568.36,22.5,20.16,0,0,9.01,3.25,1,127,887000,0,3.22,70.59,0,0
3862.63,794.56,24.46,26.64,0,0,4.52,2.13,0,0,0,0,4.5,71.36,0,0
2580.27,889.64,15.82,5,1,0,11.38,3.48,0,0,0,0,3.94,98,0,0
2783.77,741.41,15.09,73,0,0,16.75,4.65,0,0,0,0,4.78,98,0,0
2780.83,932.57,21.38,9.5,0,0,10.05,5,0,0,0,0,5,82.79,0,0
1574.46,541.47,27.63,90,0,0,11.53,5.4,0,0,0,0,4.69,43.99,0,0
2044.54,1220.79,16.74,10.33,0,0,13.15,4.43,1,183,106000,0,4.48,81.06,0,0
3256.24,726.56,36.21,25.83,0,0,15.91,5.99,1,39,713000,0,4.05,61.02,0,0
2459.03,732.98,16.04,41.61,0,0,6.17,1.05,0,0,0,0,3.12,72.77,0,0
4378.94,925.1,18.4,5,0,0,9.06,4.6,0,0,0,0,2.92,74.67,0,0
1962.48,552.5,11.62,67.62,0,0,10.32,4.3,0,0,0,0,5,67.5,0,0
1910.9,986.47,6.65,40.37,0,0,5.65,1.99,0,0,0,0,4.72,87.56,0,0
3025.93,604.61,2.25,19.96,0,0,2.13,0.82,0,0,0,0,4.91,98,0,0
2969.71,508.34,9.3,38.79,0,0,14.2,7.38,0,0,0,0,4.3,62.94,0,0
3850.88,636.36,20.02,33.11,0,0,10.31,3.91,0,0,0,0,4.28,87.15,0,0
2718.77,1086.79,16.03,31.89,0,0,8.03,2.29,1,5,688000,0,3.96,70.18,0,0
1883.96,675.85,25.64,14.59,0,0,1,0.44,0,0,0,0,4.53,63.77,0,0
1469.21,1106.55,21.02,42.85,0,0,1,0.29,1,197,737000,0,3.24,27.19,0,0
2522.69,839.36,27.65,36.53,0,0,10.95,2.87,1,201,113000,0,3.64,87.87,0,0
2839.04,1128.36,11.17,34.19,0,0,7.85,3.02,0,0,0,0,4.51,78.84,0,0
2277.79,1074.4,21.59,5.13,0,0,6.76,2.62,0,0,0,0,4.87,91.33,0,0
1344.4,1054.14,16.77,31.01,0,0,6.47,3.67,1,193,128000,0,5,83.72,0,0
2505.23,735.27,12.61,5,0,0,9.95,5.26,0,0,0,0,4.38,85.14,0,0
3055.04,306.73,2,45.62,0,0,8.21,2.44,1,60,110000,0,4.58,98,0,0
2877.89,770.56,17.53,28.56,0,0,3.37,0.74,0,0,0,0,3.64,69.29,0,0
3460.06,865.29,6.41,59.49,0,0,8.24,1.92,0,0,0,0,4.53,78.38,0,0
2010.17,86.28,27.2,5,0,0,1,0.41,0,0,0,0,3.32,64.26,0,0
3688.87,1174.13,9.44,9.07,0,0,11.5,4.34,0,0,0,0,4.2,60.18,0,0
2476.7,729.28,10.88,64.44,0,0,5.69,1.96,0,0,0,0,4.11,80.07,0,0
1455.43,807.99,19.27,59.2,0,0,13.6,4.59,1,3,478000,0,3.88,65.31,0,0
3991.71,497.05,12.09,66.06,0,0,13.44,5.33,1,187,189000,0,4.42,62.61,0,0
1402.59,846.49,30.7,53.7,0,0,5.26,1.04,0,0,0,0,3.85,71.87,0,0
2951.55,643.06,12.41,5,0,0,8.7,3.25,0,0,0,0,2.67,48.7,0,0
3319.47,1178.11,11.52,28.7,0,0,6.68,2.61,1,48,940000,0,3.25,73.32,0,0
1850.23,1081.3,15.24,76.49,0,0,1.96,0.71,0,0,0,0,4.58,50.71,0,0
2629.54,393.27,16.92,42.68,0,0,7.43,3.36,0,0,0,0,5,61.75,0,0
4179.92,672.65,24.03,22.03,0,0,5.94,2.54,0,0,0,0,5,79.31,0,0
2977.61,817.42,13.8,39.55,0,0,3.48,1.57,0,0,0,0,3.81,89.09,0,0
3296.34,50,24.42,9,0,0,11.33,3.62,1,104,880000,0,4.23,58.11,0,0
2921.08,639.07,7.96,61.72,0,0,5.7,1.94,0,0,0,0,3.91,69.27,0,0
3984.18,756.41,22.73,77.18,0,0,7.87,2.48,1,80,456000,0,5,53.03,0,0
2760.95,737.06,15.93,35.74,0,0,14.69,7.13,1,174,543000,0,5,62.77,0,0
3297.35,1401.89,13.83,34.12,0,0,8.21,3.23,0,0,0,0,4.38,74.44,0,0
2830.44,967.72,22.09,22.68,0,0,11.61,4.08,0,0,0,0,4.45,94.16,0,0
2596.52,763,7.48,36.99,0,0,11.11,4.24,1,136,390000,0,3.93,98,0,0
2734.11,828.31,13.83,69.27,0,1,11.99,4.58,0,0,0,0,3.86,66.94,0,0
3062.46,1028.17,23.86,24.92,0,0,10.88,3.02,0,0,0,0,4.09,57.38,0,0
2320.29,664.01,10.47,5,0,0,12.09,3.75,0,0,0,0,4.9,81.54,0,0
2564.35,990.33,10.95,59.49,0,0,1.08,0.35,0,0,0,0,3.15,53.51,0,0
1329.37,1087.31,19.79,33.65,0,0,4.51,1.12,0,0,0,0,3.58,43.94,0,0
2913.85,50,21,58.64,0,0,8.33,4.53,1,174,241000,0,4.67,98,0,0
4667.82,1129.33,14.44,27.01,0,0,6.62,3.19,0,0,0,0,4.72,61.65,0,0
1842.91,515.71,2,20.36,0,0,9.83,1.56,0,0,0,0,3.75,63.29,0,0
1257.79,779.3,22.95,58.95,0,0,1,0.62,0,0,0,0,3.23,92.73,0,0
2387.07,1168.8,27.82,24.92,0,0,5.6,1.62,1,185,863000,0,4.7,87.2,0,3
3171.74,834.25,18.72,18.51,0,0,10.39,3.94,1,116,570000,0,3.9,80.54,0,0
3009.46,633.21,8.81,14.1,0,0,6.13,2.25,1,69,240000,0,5,64.95,0,0
2120.11,1091.37,20.51,49.56,0,0,14.13,5.33,0,0,0,0,4.54,72.33,0,0
3585.35,346.07,16.51,5,0,0,11.86,4.75,0,0,0,0,2.92,80.35,0,0
3271.13,1133.83,7.42,14.14,1,0,6.51,2.14,0,0,0,0,4.59,42.32,0,0
2842.63,1322.99,6.02,49.78,0,0,6.7,2.27,0,0,0,0,4.47,39.85,0,0
2387.2,50,16.8,74.48,0,0,11.3,3.81,0,0,0,0,3.9,75.3,0,0
2998.09,1161.2,16.74,58.1,1,0,12.62,3.12,0,0,0,3,4.31,86.05,0,0
2044.92,622.51,19.43,79.68,0,0,3.77,0.72,1,137,608000,0,5,68.5,0,0
4557.74,682.58,9.06,81.71,0,0,7.67,2.98,0,0,0,0,4.61,98,0,0
2600.42,695.24,19.67,25.56,0,0,12.99,4.94,0,0,0,0,5,70.22,0,0
2011.52,856.92,9.54,35.17,0,0,6.96,1.6,0,0,0,0,4.52,75.96,0,0
3276.6,857.79,9.42,46.24,0,0,2.66,0.6,0,0,0,0,5,98,0,0
3514.95,1291.68,11.64,38,0,0,1.55,0.79,0,0,0,0,4.59,61.48,0,0
1843.83,844.35,22.39,63.45,0,0,11.95,6.62,0,0,0,0,4.16,75.88,0,0
3324.5,787.37,4.09,52.21,0,0,6.31,2.67,0,0,0,0,3.34,72.85,0,0
2424.43,1188.13,13.01,90,0,0,2.31,0.98,0,0,0,0,5,73.84,0,0
2220.83,1396.94,21.64,5,0,0,7.76,3.44,0,0,0,0,5,74.5,0,0
2465.42,440.44,16.25,5,0,0,2.35,1.01,0,0,0,0,4.02,53.7,0,0
2427.62,130.92,7.72,6.81,0,0,6.61,1.9,0,0,0,0,3.81,82.93,0,0
3533.77,737.1,5.89,53.58,0,0,9.51,4.24,1,188,158000,0,3.62,89.84,0,0
2051.27,1050.58,14.87,19.75,0,0,6.48,2.72,0,0,0,0,4.21,98,0,0
3859.83,383.15,4.87,39.6,1,0,5.09,1.72,0,0,0,0,3.65,83.68,0,0
2138.2,730.5,6.69,58.05,0,0,6.8,3.06,1,164,277000,0,4.85,57.29,0,0
2945.98,1136.79,16.06,82.42,0,0,10.1,5.31,0,0,0,0,2.84,46.73,0,0
4522.87,942.24,17.02,57.01,0,0,7.28,2.64,0,0,0,0,4.92,64.69,0,0
2586.89,1138.7,5.48,20.41,0,0,10.22,4.07,1,132,898000,0,4.6,98,0,0
3090.46,659.23,28.83,71.16,0,0,8.22,2.47,1,102,831000,0,3.94,64.33,0,0
4491.23,500.95,16.68,26.66,0,1,9.15,3.78,0,0,0,0,4.86,98,0,0
2270.14,1009.2,10.19,21.58,0,0,8.82,4.21,0,0,0,0,4.54,44.34,0,0
606.28,1009.58,8.96,14.53,0,0,12.03,3.16,1,87,785000,0,3.01,92.6,0,1
1397.23,1001.02,15.97,5,0,0,3.49,1.03,0,0,0,0,4.3,80.8,0,0
2908.76,592.85,11.19,10.02,0,0,3.91,1.4,0,0,0,0,4.96,74.07,0,0
4165.66,729.25,12.73,5,0,0,16.42,5.97,1,201,217000,0,4.3,98,0,0
1952.28,579.47,8.68,25.71,0,0,7.15,2.52,0,0,0,0,3.96,33.07,1,0
3637.47,616.44,16.12,21.41,0,0,3.29,0.73,0,0,0,0,3.65,76.87,0,0
1426.71,1163.92,11.16,25.59,0,0,12.18,5.28,1,177,504000,0,5,89.44,0,0
2852.27,419.24,34.49,26.84,0,0,8.18,2.3,0,0,0,0,4.72,64.05,0,0
2913.87,620.08,28.2,17.25,0,0,12.45,6.24,1,71,832000,0,3.45,98,0,0
3277.17,677.37,14.15,5,0,0,8.85,4.09,0,0,0,0,3.32,98,0,0
1845.01,1228.89,19.97,33.54,0,0,6.09,1.93,0,0,0,0,3.19,95.98,0,0
3621.49,520.89,11.78,49.99,0,0,7.32,3.32,1,7,537000,0,3.7,90.63,0,0
2435.97,949.52,2,24.47,0,0,11.8,6.42,0,0,0,0,4.5,47.75,0,0
2513.81,699.88,30.55,7.56,0,0,7.35,1.88,0,0,0,0,4.24,98,0,0
1946.92,813.69,13.91,35.37,0,0,6.52,2.63,0,0,0,0,3.46,78.29,0,0
2775.03,1050.15,9.58,90,0,0,9.5,3.86,0,0,0,0,2.47,71.99,0,0
3501.51,522.61,19.94,50.43,0,0,4.25,2.15,0,0,0,0,4.99,95.31,0,0
2332.61,996.35,7.2,32.91,0,0,1,0.46,0,0,0,0,4.57,79.47,0,0
2391.79,768.1,16.57,5,0,0,14.95,8.26,0,0,0,0,4.29,64.58,0,0
1641,994.05,27.08,86.44,0,0,4.77,1.3,1,167,520000,0,4.7,91.82,0,0
4049.46,1336.1,9.57,23.37,0,0,8.36,3.27,1,81,592000,0,4.8,60.89,0,0
1675.22,1451.75,8.21,5,0,0,4.42,2.07,0,0,0,0,4.71,80.63,0,0
3177.37,670.25,6.76,40.79,0,0,9.8,4.67,0,0,0,0,4.13,93.67,0,0
2655.26,607.16,18.87,32.38,0,0,4.7,1.97,1,84,78000,0,2.91,91.49,0,0
3539.85,1030.22,10.38,44.96,0,0,16.9,6.05,0,0,0,0,4.06,81.06,0,0
1905.83,844.76,16.68,14.89,0,1,1,0.53,0,0,0,0,3.74,98,0,0
4375.36,956.98,16.94,31.44,0,0,10.06,1.94,0,0,0,0,3.77,20,0,0
2548.35,454.86,26.84,61.88,0,0,6.44,3.44,1,15,286000,0,3.98,77.48,0,0
2063.41,665.88,8.03,69.53,0,0,10.78,3.75,0,0,0,0,3.14,87.92,0,0
2146.95,877.56,31.26,23.69,0,0,7.56,3.55,0,0,0,0,3.81,91.42,0,0
3148.8,811.46,24.72,31.72,1,0,1,0.43,1,96,211000,0,2.69,71.56,0,0
2603.89,555.78,20.75,90,0,0,19.9,6.99,0,0,0,0,4.86,58.62,0,0
3585.09,452.71,2,63.99,1,0,10.82,6.57,0,0,0,0,4.17,61.77,0,0
2358.31,1161.93,18.65,50.19,0,0,6.38,2.11,0,0,0,0,3.86,72.78,0,0
1201.85,830.95,15.69,23.03,0,1,3.33,1.04,0,0,0,0,3.06,80.01,0,0
3067.15,998.32,10.05,24.63,0,1,12.28,4.73,1,202,959000,0,4.2,94.54,0,0
3853.97,814.95,22.96,20.65,0,0,3.01,1.73,0,0,0,0,2.84,76.72,0,0
977.04,749.92,13.59,40.78,0,0,5.76,2.08,0,0,0,0,4.17,76.22,0,0
1963.57,860,21.37,24.16,0,0,8.45,2.62,0,0,0,0,4.48,59.91,0,0
2629.58,338.95,22.83,84.74,0,1,4.78,2.03,0,0,0,0,4.71,98,0,0
1930.04,829.4,3.86,62.84,0,0,10.09,5.88,1,19,132000,0,2.68,84.48,0,0
3414.29,874.06,6.97,34.32,0,0,9.18,3.3,1,192,917000,0,4.4,98,0,0
2583.06,1550.59,8.95,25.2,0,0,2.52,0.86,1,135,581000,0,3.64,98,0,0
2584.52,966.76,14.87,14.11,0,0,1.02,0.32,1,128,703000,0,4.86,92.46,0,0
4152.54,960.23,12.46,15.4,0,0,6.09,1.74,0,0,0,0,4.57,98,0,0
2672.05,1085.5,35.33,64.98,0,0,9.63,3.81,1,202,827000,0,3.06,54.91,0,0
1113.18,627.58,14.82,49.68,0,0,12.67,5.12,0,0,0,0,2.73,45.32,0,0
1782.92,600.91,19.46,69.1,0,0,10.62,4.09,0,0,0,0,3.72,74.1,0,0
3637.11,699.27,16.32,5.22,0,0,6.78,3.09,0,0,0,0,4.06,70.56,0,0
2426.97,716.59,19.96,24.57,0,0,10.4,4.72,0,0,0,0,4.77,90.19,0,0
3687.74,890.58,10.6,5,0,0,10.15,1.83,0,0,0,0,3.82,46.92,0,0
2765.73,963.06,23.54,39.53,0,0,9.57,3.3,0,0,0,0,2.84,47.25,0,0
2439.04,203.69,17.59,5,0,0,12.22,5,0,0,0,0,4.4,98,0,0
722.67,868.62,22.19,65.77,0,0,11.64,4.59,1,190,873000,0,5,98,0,0
2621.12,1090.93,10.22,23.69,1,0,10.01,2.9,1,55,312000,0,4.62,98,0,0
3512.17,697.09,8.4,24,1,0,12.96,3.85,0,0,0,0,4.48,83.63,0,0
3252.5,1023.81,17.63,5,0,0,8.66,4.81,0,0,0,0,4.39,98,0,0
1633.37,856.92,12.56,47.81,0,0,12.77,4.21,0,0,0,0,3.45,55.03,0,0
2551.01,948.22,7.85,64.88,0,0,7.5,2.75,0,0,0,0,3.35,98,0,0
3042.29,803.34,8.11,48.89,0,0,1.12,0.49,0,0,0,0,3.92,50.33,0,0
1995.64,1301.64,7.54,26.66,0,0,15.56,5.31,0,0,0,0,4.13,47.84,0,0
2837.35,491,9.57,51.06,0,0,16.41,4.59,1,194,206000,0,4.33,40.05,0,0
1917.51,710.01,16.78,5.1,0,0,8.62,3.95,0,0,0,0,3.27,98,0,0
2774.17,864.8,12.55,73.69,0,0,10.28,2.87,0,0,0,0,3.94,47.4,0,0
2563.94,1144.41,27.39,46.02,0,0,4.6,1.87,0,0,0,0,2.85,97.1,0,0
3193.45,725.47,12.48,62.61,0,0,13.51,6.92,0,0,0,0,3.74,81.03,0,0
3020.96,598.65,23.79,41.21,0,0,11.25,5.26,0,0,0,0,3.69,63.92,0,0
3641.61,644.28,17.57,20.53,0,0,3.13,1.66,0,0,0,0,3.48,91.06,0,0
3518.63,1082.76,15.39,90,0,0,9.97,5.62,1,132,246000,0,4.62,47.57,0,0
3493.77,1499.38,13.12,40.17,0,0,10.26,4.96,0,0,0,0,4.2,86.9,0,0
2214.85,526.77,15.88,5,0,0,5,2.05,1,28,683000,0,2.79,61.48,0,0
4513.45,650.77,2.11,40.43,1,0,4.91,1.72,0,0,0,0,3.51,98,0,0
2735.46,608.3,16.4,11.04,0,0,12.82,6.9,0,0,0,0,5,77.39,0,0
1593.3,1123.89,7.86,44.1,0,0,7.36,4.05,0,0,0,0,3.76,95.19,0,0
1621.24,685.11,20.54,21.86,0,0,10.45,4.74,0,0,0,0,3.78,71.69,0,0
2775.94,735.32,7.61,58.85,0,0,1.22,0.4,0,0,0,0,4.71,91.64,0,0
2531.58,827.99,2,38.27,0,0,6.64,2.38,1,124,466000,0,3.99,60.99,0,0
2746.45,736.2,11.42,62.87,0,0,8.45,3.39,0,0,0,0,4.78,86.02,0,0
2071.68,1120.76,12.14,20.26,0,0,8.93,3.24,0,0,0,0,2.6,68.55,0,0
3004,479.74,15.25,37.5,0,0,9.33,2.91,1,135,993000,0,3.78,87.58,0,0
3375.02,1069.14,13.2,36.11,0,0,7.52,2.17,0,0,0,0,3.61,68.3,0,0
4342.27,741.39,9.98,40.81,0,0,11.01,7.35,0,0,0,0,4.32,85.82,0,0
2689.72,433.44,33.11,5,0,0,6.7,1.75,0,0,0,0,2.84,58.52,0,0
1877.72,954.46,4.99,56.29,0,0,11.48,7.23,0,0,0,0,4.39,70.24,0,0
3566.46,321.34,18.27,5,0,0,12.24,6.34,0,0,0,0,4.16,81.34,0,0
2104.78,790.8,17.78,45.33,0,0,8.84,2.91,0,0,0,0,4.03,78.1,0,0
3327.06,676.29,18.19,5,0,0,12.85,5.57,1,139,591000,0,4.39,85.86,0,0
1911.6,1032.07,23.05,12.41,0,0,11.44,3.95,0,0,0,0,3.81,79.1,0,0
3568.57,525.91,16.11,34.82,0,0,3.57,0.98,0,0,0,0,5,77.22,0,0
3256.62,362.05,6.01,5,0,0,2.77,1.14,0,0,0,0,3.76,98,0,0
3934.56,849.97,10.48,5,0,0,1,0.26,0,0,0,0,3.1,88.26,0,0
2192,722.26,42.25,52.66,0,0,3.77,1.46,0,0,0,0,5,98,0,0
1272.86,856.51,14.78,28.87,0,1,12.72,4.51,0,0,0,0,5,98,0,0
2000.92,826.61,25.12,44.84,0,0,12.88,5.18,0,0,0,0,4.21,56.51,0,0
2540.56,921.17,19.56,11.35,0,0,4.96,2.38,1,189,171000,0,4.02,62.33,0,0
3014.31,608.87,16.76,13.44,0,0,5.58,1.8,0,0,0,0,5,89.15,0,0
2909.78,514.13,22.51,5,0,0,1,0.33,1,172,625000,0,4.81,62.3,0,0
2618.1,1092.27,4,38.15,0,0,1,0.45,0,0,0,0,3.29,83.42,0,0
1059.96,337.82,19.43,53.19,0,0,13.57,6.41,0,0,0,0,3.31,57.52,0,0
2544.04,1225.86,32.34,35.09,0,0,9.73,4.92,0,0,0,0,5,41.7,0,0
2186.77,444.61,18.45,45.17,0,0,6.33,3.12,0,0,0,0,4.3,98,0,0
1608.17,969.5,13.95,35.74,0,0,3.85,1.72,1,41,844000,0,3.69,63.62,0,0
2766.56,824.86,2,8.33,0,0,10.5,5.47,0,0,0,0,4.16,76.54,0,0
2228.2,1352.32,15.1,80.12,0,0,8.31,2.77,0,0,0,0,4.23,78.74,0,0
3370.52,981.37,22.74,29.53,0,0,12.79,6.39,0,0,0,0,3.68,57.17,0,0
3384.71,700.75,26.7,38.29,0,0,14.48,7.66,1,174,540000,0,3.74,41.71,0,0
2272.91,1096.71,16.2,14.1,0,0,19.48,9.7,0,0,0,0,5,68.82,0,0
2131.37,1109.37,10.7,31.07,0,0,12.76,6.81,0,0,0,0,4.24,92.78,1,0
2617.05,1010.53,24.06,62.81,0,0,7.12,4.61,0,0,0,0,5,88.93,0,0
2098.08,851.89,16.49,84.85,0,0,7.57,4.96,0,0,0,0,3.86,71.52,0,0
3006.9,768.98,8.83,32.16,0,0,8.6,2.54,0,0,0,0,3.81,59.21,0,0
4178.86,1085.37,18.98,37.02,0,0,12.61,3.36,1,69,548000,0,3.28,98,0,0
2978.42,665.65,20.05,60.71,0,0,12.16,4.2,0,0,0,0,3.77,67.35,0,0
2252.87,873.26,2,16.04,0,0,12.09,2.75,1,104,960000,0,3.47,78.43,0,0
1261.06,643.2,23.37,47.84,0,0,9.47,4.76,0,0,0,0,3.53,84.49,0,0
3093.54,1205,16.24,57.01,0,0,8.94,4.49,1,46,907000,0,3.64,97.06,0,0
2727.08,656.08,18.8,39.57,0,0,9.56,4.55,0,0,0,0,5,66.35,0,0
3620.54,481.85,15.65,5,0,0,12.44,5.43,1,53,474000,0,5,40.35,0,0
1614.43,307.67,10.35,24.46,0,0,8.95,2.78,0,0,0,0,4.5,75.69,0,0
1384.92,549.99,5.71,90,0,0,7.24,2.71,0,0,0,0,4.16,56.86,0,0
1761.77,711.44,13.4,8.27,0,0,11.07,5.77,1,195,232000,0,4.5,67.58,0,0
3097.22,352.73,15.96,70.88,0,0,7.95,4.47,0,0,0,0,4.1,83.35,0,0
1135.78,968.45,29.44,22.02,1,0,6.01,1.99,1,177,982000,0,3.8,79.59,0,0
3533.39,1416.99,10.79,11.71,0,0,2.67,1.48,0,0,0,0,4.45,78.01,0,0
3580.74,863.49,23.52,72.42,0,0,3.94,1.19,0,0,0,0,3.38,53.41,0,0
844.63,488.05,5.62,46.78,0,0,8.27,1.67,1,100,594000,0,4.08,79.9,0,0
2743.63,1214.38,8.27,17.38,0,0,6.71,3.25,0,0,0,0,4.21,80.44,0,0
2886.93,497.49,6.94,20.89,0,0,4.61,2.33,1,14,789000,0,5,98,0,0
2821.8,617.68,25.61,5,0,0,6.47,2.65,0,0,0,0,3.45,87.24,0,0
2326.41,403.84,2,58.78,1,0,7.88,3.96,0,0,0,0,3.48,82.52,0,0
1577.98,599.49,8.28,61.63,0,0,6.08,2.68,0,0,0,0,4.26,41.22,0,0
2943.34,962.27,24.46,10.14,0,0,7.93,3.02,0,0,0,0,4.77,59.31,0,0
2711.35,547.24,6.08,5,0,0,11.67,2.61,0,0,0,0,4.38,83.06,0,0
2937,1011.16,7.4,58.27,0,0,6.54,3.44,0,0,0,0,5,97.64,0,0
3646.54,1399,20.14,37.13,0,0,16.75,5.51,0,0,0,0,4.38,56.66,0,0
3731.87,1179.78,10.07,29.05,0,0,11.89,2.2,0,0,0,0,3.34,96.93,0,0
1717.85,984.5,8.68,5,0,0,8.44,4.83,0,0,0,0,4.05,66.36,0,0
2187.45,778.21,22.67,14.93,0,0,12.33,4.36,0,0,0,0,5,84.8,0,0
1932.75,878.08,7.1,16.01,1,0,11.97,2.59,0,0,0,0,3.95,62.62,0,0
3004.51,1327.63,9.39,55.65,0,0,9.88,3.97,1,34,714000,0,5,89.19,0,0
2456.14,536,2.41,10.48,1,0,12.3,4.53,0,0,0,0,4.86,63.53,0,0
1376.21,506.24,21.9,5,1,0,7.59,2.81,0,0,0,0,4.73,61.41,0,0
3455.27,881.68,17.26,47.53,0,1,2.22,1.15,0,0,0,0,4.54,66.39,0,0
2503.88,619.1,13.21,25.41,0,0,11.78,4.48,0,0,0,0,5,98,0,0
2921.73,491.77,9.95,25.53,1,0,9.71,2.46,0,0,0,0,4.47,49.88,0,0
1647.58,429.75,12.7,20.89,0,0,20.19,4.01,0,0,0,0,4.27,73.19,0,0
2961.86,599.99,19.49,15.87,0,0,9.24,2.74,0,0,0,0,4.68,89.09,0,0
2397.32,1122.11,28.14,66.39,0,0,5.74,1.71,1,148,637000,0,4.03,28.62,0,0
2094.87,757.77,11.04,51.88,0,0,11.48,4.3,0,0,0,0,4.49,53.12,0,0
2747.26,725.78,10.05,43.65,0,0,8.54,3.95,1,127,278000,0,4.26,84.04,0,0
2511.33,866.2,22.8,10.63,0,0,10.97,5.21,1,46,826000,0,4.59,75.76,0,0
2483.94,702.68,13.67,29.32,0,0,8.16,3.36,1,78,733000,0,3.82,59.83,0,0
2257.48,843.23,8.11,41.12,0,0,8.28,2.19,1,39,628000,0,5,30.41,0,0
2325.08,493.76,6.62,43.54,0,0,11.57,5.43,0,0,0,0,5,38.07,0,0
2199.06,1323.74,5.4,76.64,0,0,3.44,1.4,0,0,0,0,4.95,62.68,0,0
3039.55,996.86,9.49,63.22,0,0,12.23,4.33,1,140,397000,0,4.21,67.35,0,0
3953.08,757.48,8.72,25.63,0,0,8.79,3.18,0,0,0,0,4.68,98,0,0
4195.85,1049.14,24.27,52.31,0,0,7.49,3.32,1,184,176000,0,5,83.49,0,0
3619.97,740.21,4.75,45.14,0,0,2.86,1.72,0,0,0,0,2.87,93.75,0,0
3428.18,785.53,12.43,76.3,0,0,8.56,3.18,0,0,0,0,5,57.29,0,0
2002.02,668.25,9.57,25.74,0,0,4.29,1.53,0,0,0,0,3.75,91.51,0,0
2199.98,654.36,7.08,5,0,0,9.05,2.78,0,0,0,0,3.67,32.88,0,0
3513.54,1006.19,6.22,25.43,0,0,8.78,3.61,0,0,0,0,3.44,77.13,0,0
3350.18,1136.91,2,29.23,0,0,9.29,3.64,1,199,799000,0,4.19,98,0,0
3782.78,704.77,4.93,42.63,0,0,9.1,2.71,0,0,0,0,4.25,98,0,0
3196.75,1079.47,18.89,19.43,0,0,8.75,2.58,0,0,0,0,3.67,71.24,0,0
3146.97,922.13,19.98,26.66,0,0,6.42,2.87,0,0,0,0,4.04,81.65,0,0
3653.24,876.56,19.71,5,0,0,2.05,0.29,0,0,0,0,3.66,82.1,0,0
4058.51,281.47,10.68,55.55,0,0,8.07,3.84,0,0,0,0,5,51.02,0,0
2479.68,1194.81,9.17,53.25,0,0,13.98,3.52,1,45,594000,0,3.1,48.46,0,0
2932.91,1017.14,10.09,27.11,0,0,13.31,5.77,0,0,0,0,3.97,70.93,0,0
1526.87,455.51,10.1,14.35,1,0,2.3,0.87,0,0,0,0,3.93,98,0,0
1595.21,249.2,10.38,50.98,0,0,7.23,3.16,0,0,0,0,5,83.35,0,0
1480.63,463,10.57,37.48,0,0,2.96,1.87,1,153,548000,0,4.27,61.89,0,0
2903.28,831.75,3.53,5,0,0,5.82,2.07,0,0,0,0,3.46,70.89,0,0
2993.59,674.92,12.35,76.48,0,0,7.11,1.55,0,0,0,0,3.39,77.68,0,0
3525.06,1107.15,12.87,12.11,0,0,8.02,3.67,0,0,0,0,3.27,82.94,0,0
3963.27,981.37,2,51.38,0,0,8.4,2.27,0,0,0,0,3.65,70.91,0,0
2217.62,909.36,14.32,31.98,0,0,4.76,1.76,1,180,293000,0,5,80.11,0,0
1696.43,765.17,4.76,5,0,0,6.82,3.15,0,0,0,0,3.46,83.13,0,0
1742.72,924.57,11.36,5,0,0,6.36,2.25,1,9,439000,0,4.35,52.96,0,0
3652.24,581.8,20.73,29.12,0,0,7.03,2.48,0,0,0,0,5,94.68,0,0
1896.23,497.64,2,41.42,0,0,14.84,3.2,0,0,0,1,3.78,60.09,0,0
2596.32,788.55,14.6,5,0,0,4.79,0.93,0,0,0,0,3.32,89.93,0,0
2936.04,734.81,21.5,26.96,0,0,6.59,2.5,0,0,0,0,4.66,66.57,0,0
3093.57,293.09,3.49,12.03,0,0,1,0.41,0,0,0,0,3.92,68.34,0,0
1568.75,1048.39,16.11,36.87,0,0,4.36,1.31,1,160,974000,0,3.38,62.69,0,0
2529.3,430.65,29.68,11.43,0,0,7.88,3.39,1,202,776000,0,5,29.89,0,0
2531.57,691.36,25.71,16.69,0,0,10.87,6.05,0,0,0,0,2.87,72.71,0,0
1861.41,851.33,6.41,43.9,0,0,11.14,4.54,0,0,0,0,3.24,49.24,0,0
2654.68,665.99,24.41,63.06,0,1,4.56,1.98,1,97,262000,0,2.7,64.36,0,0
3277.29,931.33,23.61,49.31,0,0,7.16,2.63,0,0,0,0,3.25,63.35,0,0
2445.04,1147.51,26.55,38.05,0,0,8.03,3.21,0,0,0,1,3.65,75.24,0,0
1162.9,1244.06,11.35,5,0,0,9.05,3.77,1,163,237000,0,4.31,98,0,0
4443.21,1197.61,18.93,55.7,0,0,7.82,1.31,1,173,785000,0,4.81,62.69,0,0
2958.3,1290.91,22.37,64.26,0,0,9.07,3.57,1,30,328000,0,4.41,69.7,0,0
3112.11,1133.76,14.09,88.73,0,0,13.47,6.54,0,0,0,0,4.99,71.89,0,0
3040.91,976.64,24.32,18.52,0,0,8.24,3.52,1,212,844000,0,4.08,76.25,0,0
3059.58,861.74,14.18,60.39,0,0,10.4,5.53,1,25,639000,0,4.65,71.29,0,0
2625.94,88.91,17.67,38.85,0,0,10.88,2.83,1,80,445000,0,3.6,44.56,0,0
2313.41,501.43,6.25,46.29,0,0,15.38,5.25,1,61,985000,0,4.68,63.85,0,0
4015.89,847.1,2,68.3,0,0,4.52,2,0,0,0,0,5,37.37,0,0
2915.14,262.73,14.02,31.67,0,0,9.04,3.94,0,0,0,0,4.23,91.76,0,0
3302.75,739.15,15.28,44.81,0,0,12.23,4.03,1,67,547000,0,3.81,52.72,0,0
1966.99,1014.9,12.05,52.46,0,0,12.15,4.74,1,71,936000,0,4.79,88.74,0,0
4123.84,629.62,25.72,41.03,0,0,15.02,5.11,0,0,0,2,4.69,54.67,0,0
2870.27,460.64,8.59,5,0,0,8.07,3.41,0,0,0,0,4.74,66.13,0,0
2139.04,452.95,4.61,43.36,0,0,8.41,4.2,0,0,0,0,5,75.59,0,0
1407.53,1089.71,13.89,77.23,0,0,10.18,3.37,0,0,0,0,4.19,81.98,0,0
1945.15,525.93,2,15.8,0,0,17.01,6.55,0,0,0,0,3.56,97.71,0,1
3795.77,1770.96,17.02,30.14,0,0,16.87,5.4,0,0,0,0,3.87,32.39,0,0
3421.57,1186.85,22,37.35,0,0,11.07,4.66,0,0,0,0,5,51.05,0,0
2329.93,745.38,11.18,43.33,0,0,11.21,3.71,0,0,0,0,5,87.86,0,0
2706.98,522.99,14.45,24.69,0,0,6.27,2.92,1,196,808000,0,3.56,95.11,0,1
2408.93,1004.22,10.55,49.81,0,0,6.16,2.22,1,95,248000,0,3,78.47,0,0
2567.92,529.1,8.2,6.34,0,0,8.82,2.97,0,0,0,0,5,84.97,0,0
4600.14,511.41,17.07,5,0,0,10.97,4.89,0,0,0,0,5,73.02,0,0
2958.65,1210.07,24.92,48.24,1,0,5.94,1.49,0,0,0,0,4.18,91.32,0,0
2743.53,929.2,25.34,60.61,0,0,1,0.46,0,0,0,0,4.22,80.62,0,0
1384.11,911.48,13.32,5,1,0,10.52,6.45,0,0,0,0,3.97,54.37,0,0
4054.74,741.46,14.67,5,0,0,7.07,3.99,0,0,0,0,4.07,96.56,0,0
2645.19,1321.92,27.96,43.56,0,0,12.09,4.74,0,0,0,0,4.76,80.85,0,0
3785.8,995.85,25.37,50.56,0,0,7.39,3.48,1,138,909000,0,4.13,91.45,0,0
2411.59,1267.06,3.78,11.42,0,0,11.99,3.2,0,0,0,0,3.86,32.01,0,0
3674.82,609.95,15,5,0,0,1,0.39,0,0,0,0,3.02,57.51,0,0
1611.37,626.14,9.23,88.23,0,0,7.45,2.63,1,123,955000,0,4.73,70.39,0,0
3237.58,934.8,20.69,8.7,0,0,9.76,2.14,0,0,0,0,4.24,86.56,0,0
2984.02,621.39,21.43,9.37,0,0,11.46,5.37,0,0,0,0,3.88,94.49,0,0
2311.74,658.06,8.71,5,0,0,1,0.46,1,146,175000,0,5,64.39,0,0
2627.62,1262.93,18.78,38.96,0,0,9.24,2.87,0,0,0,0,4.19,87.98,0,0
1768.7,755.62,14.51,5,0,0,7.71,3.21,0,0,0,4,4.8,92.47,0,0
3045.05,1097.04,27.48,37.43,0,0,4.14,1.75,0,0,0,0,3.62,86.4,0,0
2421.74,557.69,2.97,8.96,0,0,7.24,2.83,0,0,0,0,3.09,76.46,0,0
876.65,591.33,9.25,47.28,0,0,7.43,3.91,0,0,0,0,3.71,90.75,0,0
2862.97,937.33,16.16,27.9,0,0,14.73,8.57,0,0,0,1,4.39,84.29,0,0
1972.02,1019.73,16.56,34.37,0,0,5.46,2.91,0,0,0,0,4.51,98,0,0
3126.75,839.48,9.07,36.41,0,0,1.91,0.28,1,147,645000,0,3.75,48.65,0,0
2385.34,373.03,10.49,55.29,0,0,2.26,1.1,0,0,0,0,3.99,55.49,0,0
1804.46,951.29,13.7,18.23,0,0,9.43,5.78,0,0,0,0,3.89,69.04,0,0
3263.8,328.07,12.87,15.69,0,0,3.67,1.65,0,0,0,0,2.63,72.75,0,0
3021.08,897.52,14.51,39.71,0,0,1,0.29,0,0,0,0,3.02,80.19,0,0
3851.87,621.62,16.87,7.01,0,0,5.87,2.55,1,190,929000,0,4.85,76.71,0,0
2093.99,463.13,35.13,12.91,0,0,11.97,7.71,0,0,0,0,3.37,82.34,0,0
3059.02,469.02,19.5,39.9,0,1,9.54,3.51,0,0,0,0,4.81,53.6,0,0
4301.57,767.66,6.02,18.41,0,0,10.35,4.54,0,0,0,0,4.21,49.56,0,0
3651.55,1257.29,27.72,31.58,0,0,9.23,5.16,0,0,0,0,2.89,61.87,0,0
3252.44,1434.34,14.01,23.84,0,0,9.82,3.26,0,0,0,0,3.6,77.26,0,0
2641.19,73.33,19.1,38.48,0,0,1,0.27,0,0,0,0,3.91,75.91,0,0
2236.21,862.28,6.99,79.31,0,0,12.17,4.63,0,0,0,0,4.67,42.74,0,0
2524.11,175.05,19.96,55.4,0,0,4.59,1.4,0,0,0,0,4.86,73.58,0,0
3162.76,610.51,2.27,44.33,0,0,16.69,7.72,0,0,0,0,3.73,75.72,0,0
2205.41,1285.16,2,40.05,0,0,13.71,6.51,0,0,0,0,3.56,58.98,0,2
2411.06,978.7,16.99,5,0,0,14.62,6.58,1,112,646000,0,4.86,81.69,0,0
1963.85,1143.76,25.1,58.86,0,0,8.57,2.14,1,206,240000,0,5,87.08,0,0
4241.38,685.35,15.23,5,0,0,13.59,4.7,0,0,0,0,2.54,68.12,0,0
2587.39,885.61,21.8,52.24,0,0,6.3,2.93,0,0,0,0,4.39,66.41,0,0
3861.64,675.01,29.56,49.05,0,0,15.33,5.25,0,0,0,0,4.35,60.52,0,0
1668.09,234.7,20.53,27.11,1,0,7.71,3.4,0,0,0,0,4.09,36.28,0,0
2914.07,871.07,18.89,72.89,0,0,7.66,3.47,1,129,715000,0,4.67,52.65,0,0
1662.04,865.04,9.22,37.71,0,0,8.34,2.84,0,0,0,0,3.89,89.35,0,0
2794.01,1255.63,14.14,50.47,0,0,13.25,4.93,0,0,0,0,3.23,75.95,0,0
2995.72,1448.61,14.8,63,0,0,7.6,3.95,0,0,0,0,3.28,81.84,0,0
2179.75,1087.37,2,52.71,0,0,5.85,3.4,1,97,172000,0,2.92,83.45,0,0
2638.88,960.51,12.44,51.27,0,1,9.95,4.23,0,0,0,0,3.11,64.11,0,0
2977.95,722.83,8.05,23.28,0,0,15.55,6.64,1,81,941000,0,5,92.29,0,0
2981.49,508.07,19.1,5,0,0,1,0.46,0,0,0,0,4.83,71.99,0,0
2438.7,804.69,12.17,21.8,0,0,1.28,0.42,1,78,735000,0,4.17,60.17,0,0
2615.06,201.93,2,5,0,0,7.49,4.62,0,0,0,0,4.48,81.79,0,0
2204.77,1028.52,19.14,62.78,0,0,2.29,0.94,0,0,0,0,5,98,0,0
2368.72,751.48,6.35,23.01,0,0,11.82,4.33,0,0,0,0,3.26,40.21,0,0
3141.41,513.93,18.53,42.59,0,0,11.6,6.1,1,135,405000,5,4.24,71.17,0,0
3245.49,514.18,19.86,15.23,0,0,4.35,2.26,0,0,0,0,4.03,58.76,0,0
3359.95,1023.45,25.17,7.94,0,0,5.93,2.28,0,0,0,0,2.74,98,0,0
3070.57,706.66,18.02,5,0,1,7.57,1.81,0,0,0,0,4.15,63.97,0,0
2321.9,758.75,11.95,52.07,0,0,7.1,2.74,0,0,0,0,4.63,86.53,0,0
2805.6,1165.38,5.55,85.54,0,0,10.57,5.42,0,0,0,0,3.67,72.56,0,0
3526.25,1154.78,11.25,56.59,0,0,5.67,2.28,0,0,0,0,4.38,81.1,0,0
1602.65,934.34,11.43,70.37,0,0,7.67,2.87,0,0,0,0,5,98,0,0
2029.96,856.49,5.28,28.04,0,0,5.81,1.54,0,0,0,0,2.97,96.2,0,0
3196.61,1034.54,21.57,36.72,0,0,1.61,0.56,0,0,0,0,3.68,84.33,0,0
1719.16,697.48,6.51,50.39,0,0,1,0.35,0,0,0,0,4.49,69.89,0,0
2104.22,729.36,19.03,40.49,0,0,9.89,4.5,0,0,0,0,5,98,0,0
4897.37,1121.4,29.72,14.39,0,0,12.3,6.32,0,0,0,0,4.57,54.41,0,0
2733.5,1017.09,20,52.95,0,0,4.64,1.92,1,108,538000,0,4.71,73.4,0,0
2579.58,356.32,8.64,5.77,0,0,9.6,3.42,0,0,0,0,5,68.66,0,0
2678.6,726.77,7.51,90,0,0,14.73,4.45,0,0,0,0,4.35,73.39,0,0
3266.17,808.73,18.87,86.49,0,0,10.01,4.52,0,0,0,0,4.64,89.9,0,0
2958.82,912.52,20.76,5,0,0,9.13,5.79,0,0,0,0,3.51,97.76,1,0
3729.94,552.08,3.12,13.92,0,0,3.49,1.39,0,0,0,0,3.83,44.8,0,0
2849.86,1126.24,6.29,50.73,0,0,6.13,4.7,1,29,896000,0,4.8,85.2,0,0
3019.8,50,10.45,45.38,0,0,15.79,3.83,0,0,0,0,4,87.13,0,0
2737.2,965.22,24.99,31.75,0,0,8.12,3.6,1,135,903000,0,3.74,71.01,0,0
4484.38,1291.47,22.27,53.71,0,0,8.26,2.83,0,0,0,0,5,49.94,0,0
3645.68,1048.74,21.24,46.02,0,0,8.02,3.41,0,0,0,0,4.41,86.71,0,0
3183.08,516.97,12.77,16.99,0,0,10.37,3.79,1,12,665000,0,4.52,72.19,0,0
3660.6,467.87,20.84,35.26,0,0,5.9,2.16,0,0,0,0,2.28,98,0,0
2237.56,1402.61,15.08,22.89,0,0,8.33,3.17,0,0,0,0,2.75,90.57,0,0
2077.02,1461.04,15.65,75.8,0,0,2.03,0.81,0,0,0,0,5,95.4,0,0
4187.72,688.78,6.75,34.59,1,0,10.22,4.93,0,0,0,0,4.48,90.97,0,0
2963.69,690.84,2.67,18.77,0,0,7.01,3.96,1,82,280000,0,5,66.2,0,0
3979.98,1049.07,12.45,70.01,0,0,8.71,3.62,1,40,373000,0,5,76.53,0,0
1644.22,643.21,28.34,29.64,0,0,3.45,1.42,0,0,0,0,3.25,94.76,0,1
3374.94,668.6,14.64,48.22,0,0,8.69,4.57,0,0,0,0,4.89,43.02,0,0
1966.03,1187.72,11.51,5,0,0,8.95,2.9,0,0,0,0,3.04,49.18,0,0
2636.23,571.98,26.5,16.03,0,0,8.76,4.4,0,0,0,0,5,48.73,0,0
2553.99,1003.96,22.62,64.83,0,0,9.85,3.41,0,0,0,0,4.42,37.69,0,0
2182.05,389.84,21.17,27.8,0,0,6.1,2.43,0,0,0,0,3.4,77.5,0,0
2296.18,841.79,6.15,50,0,0,7.09,3.44,0,0,0,0,4.77,50.01,0,0
3180.21,480.46,16.6,48.47,1,0,11.3,4.44,0,0,0,0,3.97,73.72,0,0
3272.91,447.85,15.55,5.99,0,0,3.04,0.75,1,125,234000,0,3.07,70.78,0,0
1779.58,374.48,8.71,40.34,0,0,6.91,2,1,36,664000,0,3.97,83.65,0,0
2790.92,929.24,15.24,5,1,0,11.19,5.08,0,0,0,0,2.95,98,0,0
2582.07,913.25,10.06,5,0,0,1.92,0.83,0,0,0,0,5,77.93,0,0
2905.79,415.58,2.75,17.46,1,0,5.68,2.53,0,0,0,0,4.16,69.53,0,0
2239.69,1107.75,14.37,66.74,0,0,11.98,5.81,0,0,0,0,3.25,72.93,0,0
1860.71,1623.32,25.98,33.27,0,0,12.23,2.84,0,0,0,0,4.96,90.17,0,0
1556.72,1055.13,14.4,15.89,0,0,8.81,3.04,0,0,0,1,5,89.28,1,0
1848.26,880.59,20.66,7.16,0,0,5.44,2.7,1,178,487000,0,4.1,43.59,0,0
3650.63,823.01,2,5,0,0,9.94,5.52,0,0,0,0,2.74,94.08,0,0
2278.66,1153.01,32.31,29.47,0,0,8.62,3.75,1,151,633000,0,2.97,81.47,0,0
3634.66,910.56,23.85,51.36,0,0,5.42,1.17,1,85,724000,0,4.4,94.41,0,0
3358.41,1171.59,15.98,7.14,0,0,5.05,1.29,0,0,0,0,4.8,98,0,0
3072.39,198.81,15.26,48.33,0,0,2.93,0.97,0,0,0,0,4.08,94.45,0,0
1680.06,857.31,16.56,50.04,0,0,12.59,6.02,1,78,949000,0,4.02,66.13,0,0
1569.3,978.39,7.95,28.12,0,0,3.86,1.06,0,0,0,0,3.34,50.89,0,0
2326.68,658.94,18.49,57.43,0,0,11.74,5.57,0,0,0,0,3.99,84.48,0,0
1375.99,815.72,23.39,54.36,0,0,8.03,3.05,0,0,0,0,2.73,61.47,0,0
4102.4,574.58,17.31,44.62,0,0,6.15,1.99,1,37,271000,0,2.99,98,0,0
2947.97,875.41,13.03,42,0,0,12.08,3.99,0,0,0,0,3.61,33.1,0,0
2362.28,1189.74,16.34,29.51,0,0,8.08,3.65,1,43,484000,0,4.41,73.79,0,0
3322.22,50,17.94,59.59,0,0,9.16,3.83,0,0,0,0,4.79,71.84,0,0
1865.04,847.3,6.62,60.43,0,0,11,3.98,0,0,0,0,5,60.82,0,0
1342.75,779.85,22.62,27.57,0,0,8.98,1.69,0,0,0,0,5,72.02,0,0
3475.79,1025.12,4.91,58.74,0,0,7.16,3.76,0,0,0,0,4.74,90.34,0,0
2225.85,648.4,20.01,18.58,0,0,10.44,2.39,1,68,129000,0,4.71,83.39,0,0
1940.06,569.14,33.54,24.39,0,0,12.24,4.88,0,0,0,0,4.87,85.27,0,0
2779.22,673.34,19.01,32.88,0,0,8.45,4.18,0,0,0,0,4.87,81.43,0,0
2729.6,1017.98,5.69,33,0,0,5.07,2.05,0,0,0,0,3.71,67.74,0,0
2076.29,822.61,14.82,11.58,0,0,10.71,5.38,1,49,792000,0,3.32,65.6,0,0
2579.42,1502.15,22.99,55.03,0,0,19.03,14.3,0,0,0,0,4.3,56.91,0,0
1230.75,973.59,10.59,46.22,0,0,9.88,3.97,0,0,0,0,4.1,48.68,0,0
2653.63,448.57,18.39,30.41,0,0,7.7,3.59,1,64,280000,0,4.03,80.64,0,0
2537.73,1117.17,15.28,41.15,0,0,9.31,3.71,0,0,0,0,3.93,78.99,0,0
2851.5,828.61,2,32.62,0,0,15.77,6.1,1,210,662000,0,5,53.85,0,0
4085.69,1013.15,23.62,15.3,0,0,1.58,0.75,0,0,0,0,5,79.45,0,0
2781.51,1007.11,11.72,25.61,0,0,15.67,6.7,1,42,354000,0,4.23,69.81,0,0
2163.91,956.56,29.72,6.04,0,1,13.13,7.31,0,0,0,0,4.71,97.97,0,0
4456.38,799.47,23.33,11.37,0,0,7.46,3.83,1,29,234000,0,4.8,43.27,0,0
2321.19,860.95,19.15,13.07,0,1,8.65,3.67,1,130,905000,0,4.13,93.95,0,0
2581.76,1027.15,32.61,37.06,0,0,11.68,4.73,0,0,0,0,3.37,79.05,0,0
3066.55,531.65,8.34,37.36,0,0,6.86,1.61,0,0,0,0,3.65,68.84,0,0
1547.15,1097.35,6.78,17.11,0,0,11.8,4.98,1,60,845000,0,3.6,77.7,0,0
3247.59,616.44,26.63,40.7,1,1,7.89,2.51,0,0,0,0,2.57,70.31,0,0
3293.4,671.15,18.59,17.62,1,0,9.87,4.08,1,33,552000,0,3.4,51.95,0,0
1827.42,746.3,24.65,5,0,0,10.49,3.49,0,0,0,0,4.16,98,0,0
1889.2,1039.78,2.36,52.42,0,0,1,0.35,1,37,151000,0,4.97,92.49,0,0
2531.87,908.17,17.68,56.17,0,0,9.52,4.95,0,0,0,0,5,98,0,0
2847.99,618.29,10.76,47.55,0,0,6.72,2.25,0,0,0,0,3.85,48.44,0,0
2549.39,1159.64,18.35,25.79,0,0,10.39,4.4,0,0,0,0,4.08,95.49,0,0
1981.45,1274.22,15.37,38.47,0,1,6.42,2.65,0,0,0,0,4.89,76.55,0,0
2015.84,316.87,18.33,21.02,0,0,12.32,3.32,0,0,0,0,4.68,87.94,0,0
2560.57,1214.03,11.84,60.32,0,0,10.6,3.99,0,0,0,0,5,76.69,0,0
1665.58,1200.32,10.65,80.04,0,0,4.82,1.41,0,0,0,0,3.82,64.02,0,0
3097.26,962.72,24.29,28.13,0,0,9.8,2.66,0,0,0,0,5,71,0,0
3717.63,886.26,15.01,39.57,0,0,5.3,1.66,0,0,0,0,3.95,48.32,0,0
1415.29,481.7,19.34,69.94,0,0,2.48,1.05,1,122,582000,0,4.33,46.02,0,0
500,992.94,20.94,42.53,0,0,9.1,4.65,1,23,950000,0,4.44,73.27,0,0
2803.95,1173.84,12.75,32.68,0,0,9.19,4.26,0,0,0,0,4.02,98,0,0
3628.71,432.29,13.21,37.24,0,0,1.61,0.68,0,0,0,0,4.05,77.4,0,0
2356.57,1179.67,15.39,13.9,0,0,4.28,1.77,0,0,0,0,3.15,87.1,0,0
3474.1,632.23,21.75,24.1,0,0,3.44,1.02,1,211,93000,0,3.69,83.15,0,0
2699.48,786.95,21.1,44.11,0,0,8.73,3.09,0,0,0,0,4.82,52.65,0,0
3173.82,444.74,14.16,15.74,0,0,15.63,7.52,0,0,0,0,4.26,54.03,0,0
1663.63,1012.53,18.59,44.01,0,0,8.42,1.91,1,99,898000,0,4.85,45.69,0,0
2982.03,270.87,16.54,44.82,0,0,13.79,6.04,1,11,761000,0,4.28,58.17,0,0
2552.39,891.79,13.73,49.79,0,0,11.76,3.07,0,0,0,0,3.26,52.21,0,0
2583.92,655.81,2.5,51.6,0,0,13.93,4.04,0,0,0,0,4.5,57.89,0,0
2088.06,844.96,16.2,9.54,0,0,5.93,3.03,1,67,223000,0,4.3,66.94,0,0
2390.6,1069.81,13.53,17.73,0,0,8.32,3.42,0,0,0,0,3.74,98,0,0
2100.5,929.84,12.22,59.24,0,0,14.57,8.04,0,0,0,0,4.27,74.23,0,0
3046.04,770.26,17.88,5,0,0,5.41,2.45,0,0,0,0,4.12,73.38,0,0
1974.74,1150.43,24.4,20.54,0,0,6.63,2.73,0,0,0,0,4.15,98,0,0
4007.02,1002.15,22.01,37.72,0,0,1,0.45,0,0,0,0,2.72,76.82,0,0
2936.11,875.24,16.68,23.57,0,0,6.9,1.52,0,0,0,0,5,98,0,0
3500.75,546.14,15.88,36.91,0,0,8.76,3.25,0,0,0,3,3.93,98,0,0
3929.24,863.97,10.96,56.14,0,0,11.16,3.53,1,28,165000,0,3.44,58.93,0,0
2695.03,774.65,9.84,24.8,0,0,10.68,3.65,0,0,0,0,4.67,55.84,0,0
1429.43,504.2,23.38,46.86,0,0,6.8,3.2,0,0,0,0,4.85,91.93,0,3
2863.38,489.62,21.82,33.86,0,0,8.21,3.91,0,0,0,0,4.12,64.45,0,0
2419.65,1162.38,22.84,6.06,0,0,18.23,10,1,180,361000,0,3.39,62.04,0,0
1216.99,627.16,25.91,34.78,0,0,7.74,2.71,0,0,0,0,4.57,79.14,0,0
4091.27,1282.7,2.64,49.06,0,0,5.76,1.97,1,207,582000,0,3.85,83.53,0,1
3234.14,494.27,9.72,22.4,0,0,12.56,5.4,0,0,0,0,3.82,77.37,0,0
1909.67,1140.43,4.74,81.4,0,0,9.72,4.24,1,178,745000,0,4.59,94.85,0,0
2890.26,945.25,23.87,19.28,0,0,7.6,2.72,1,35,389000,0,2.9,76.62,0,0
2880.15,538.66,21.4,69.52,1,0,5.02,2.81,0,0,0,0,2.24,37.95,0,0
2091.19,698.07,13.54,90,0,0,6.97,3.27,0,0,0,0,4.08,34.11,0,0
3429,750.7,18.13,66.13,0,0,4.79,2.08,0,0,0,0,2.57,49.6,0,0
2471.08,983.58,10.94,39.77,0,0,9.24,3.75,1,111,120000,0,4.82,62.71,0,0
3111.15,284.29,29.43,6.24,0,0,1,0.35,1,198,385000,0,3.41,71.34,0,3
2779,747.42,12.16,41.31,0,0,1,0.58,0,0,0,0,4.49,98,0,0
3703.01,910.16,11.6,13.3,0,0,12.54,6.81,0,0,0,0,5,98,0,0
3745.07,607.15,12.48,33.57,0,0,12.81,6.87,0,0,0,0,2.91,93.8,0,0
3374.44,271.07,10.28,5,0,0,12.68,3.39,0,0,0,0,4.26,54.2,0,0
3716.58,130.78,14.78,33.39,0,0,3.56,1.07,0,0,0,0,3.95,83.21,0,0
2756.9,458.7,28.88,55.38,0,0,1.82,0.57,0,0,0,0,5,98,0,0
2432.89,835.93,23.37,8.91,0,0,1,0.38,0,0,0,0,2.87,58.83,0,0
3735.24,579.65,10.77,90,0,0,4.73,1.44,1,82,266000,0,4.12,86.39,0,0
2937.22,269.69,15.28,5,1,0,10.53,6.43,0,0,0,0,4.24,87.9,0,0
3357.48,887.2,18.97,11.9,0,0,6.96,2.17,0,0,0,0,4.67,20,0,0
2766.71,888.74,7.31,60.36,0,0,15.92,6.2,0,0,0,0,5,56.95,0,0
2027.66,1039.46,16.18,34.76,0,0,9.68,3.92,0,0,0,0,4.34,68.71,0,0
2147.68,126.12,32.78,42.92,0,0,5.32,1.01,1,40,232000,0,4.18,98,0,0
3344.24,750.33,8.52,34.09,0,0,8.84,2.55,0,0,0,0,4.54,69.15,0,0
2092.04,793.2,24.07,66.05,0,0,2.59,0.7,1,165,745000,0,4.87,71.66,0,0
2049.56,882.8,9.41,35.19,0,0,6.66,1.11,0,0,0,0,5,79.58,0,0
3172.69,676.03,23.11,8.46,0,1,8.38,5.2,0,0,0,0,3.87,92.02,0,0
3133.04,804.07,2,51.83,0,0,12.92,3.43,0,0,0,0,2.69,82.13,0,2
2743.03,1057.93,15.12,5,0,0,4.96,1.81,1,11,130000,0,5,51.98,0,0
2971.87,897.65,9.23,75.77,0,0,10.22,4.44,0,0,0,0,3.36,86.55,0,0
1648.67,857.1,2,19.11,0,0,8.04,2.67,0,0,0,0,3.6,98,0,0
2574.07,693.48,9.5,40.7,0,0,9.51,4.28,0,0,0,0,4.97,54.7,0,0
2637.13,975.72,13.74,27.98,0,0,6.72,3.39,0,0,0,0,4.71,55.13,0,0
2803.26,645.87,11.33,10.73,0,0,1,0.3,0,0,0,0,4.08,85.39,0,0
2831.89,797.34,26.27,50.62,0,0,3.32,0.88,0,0,0,0,2.6,80.35,0,0
3847.77,658.21,10.56,5,0,0,7.6,3.5,0,0,0,0,5,86.82,0,0
2961.32,499.24,6.8,18.64,0,0,1,0.46,0,0,0,0,4.33,48.27,0,0
3320.69,768.16,11.84,65.28,0,0,8.19,3.48,0,0,0,0,5,72,0,0
2819.17,397.69,24.56,90,0,0,2.98,0.86,1,149,130000,0,3.24,71.07,0,0
2794.32,513.64,8.44,48.1,0,0,5.04,1.94,0,0,0,0,4.4,71.46,0,0
2601.35,1291.27,11.42,25.59,0,0,1.72,0.75,0,0,0,0,3.86,36.95,0,0
3316.67,961.26,16.84,19.41,0,0,3.57,1.35,1,64,125000,0,4.26,98,0,0
3160.33,799.62,21.92,55.47,0,0,8.29,4.42,1,133,756000,0,5,98,0,0
4312,780.91,22.43,23.51,0,0,5.21,2.19,0,0,0,0,5,70.04,0,0
3193.21,1056.2,14.91,67.74,0,0,12.69,5.66,0,0,0,0,5,51.67,0,0
4311.68,571.29,33.99,37.29,0,0,13.27,4.99,0,0,0,0,4.23,98,0,0
2193.08,562.61,2,15.7,0,0,1.67,0.49,0,0,0,0,4.16,56.48,0,0
3978.66,828.82,24.44,46.14,0,0,1,0.34,1,185,855000,0,3.25,71.89,0,0
1134.21,1314.63,30.09,61.96,0,0,11.47,5.3,0,0,0,0,4.61,78.39,0,0
2545.07,826.98,2,85.85,0,0,5.6,2.06,0,0,0,0,5,80.97,0,0
1526.57,726.85,9.2,29.45,0,0,9.34,2.33,1,154,637000,0,4.32,68.05,0,0
2457.55,589.77,14.8,5,1,0,12.14,4.18,1,172,346000,0,3.65,69.88,0,0
2599.4,606.65,13.25,38.74,0,0,9.4,4.44,1,63,89000,0,5,79.16,0,0
2207.31,945.79,8.96,10.77,0,0,12.81,6.04,0,0,0,0,4.57,80.29,0,0
1905.56,1080.85,13.54,21.43,0,0,6,2.48,1,155,65000,0,4.82,54.96,0,0
3236.45,1020.29,8.17,42.59,0,0,5.39,2.14,1,96,330000,0,5,28.41,0,0
2446.31,1065.57,21.5,5,0,0,15.12,6.32,0,0,0,0,4.54,73.06,0,0
2554.12,757.4,7.54,14.75,1,0,2.77,0.95,0,0,0,0,4.08,70.31,1,0
4335.72,728.34,5.54,5,0,0,6.89,2.86,0,0,0,0,5,44.71,0,0
2547.88,612.83,4.08,54.33,0,0,7.2,2.12,1,169,384000,0,5,80.32,0,0
2708.95,489.84,8,40.6,0,0,12.16,5.95,0,0,0,0,3.11,54.61,0,0
2939.21,391.62,6.78,53.82,0,0,9,3.36,1,30,349000,0,3.62,64.29,0,0
2650.52,999.61,17.7,10.33,0,0,6.96,2.57,0,0,0,0,3.48,79.79,1,0
3012.66,1060.64,17.03,5,0,1,7.38,3.38,0,0,0,0,4.46,96.55,0,0
2855.42,439.65,13.26,30.43,0,0,4,2.18,0,0,0,0,3.88,45.35,0,0
2303.53,361.1,15.27,71.93,0,0,14.07,3.71,0,0,0,0,2.72,47.25,0,0
3861.64,977.22,17.42,46.31,0,0,9.55,5.01,0,0,0,0,4.31,53.39,0,0
2828.17,541.47,14.26,54.66,0,0,1,0.4,0,0,0,0,3.76,98,0,0
3250.8,952.46,27.04,5,0,0,8.89,4.19,1,6,693000,0,4.28,46.32,0,0
3572.61,326.7,22.34,85.99,0,0,4.62,1.25,0,0,0,0,3.89,98,0,0
1369.41,1055.07,20.47,34.81,0,0,6.29,1.52,0,0,0,0,4.54,90.57,0,0
4065.59,1283.67,2,49.68,0,0,7.73,2.66,0,0,0,0,3.64,68.98,0,0
1688.73,685.44,13.36,45.28,0,0,7.77,2.04,0,0,0,0,4.11,42.21,0,0
2342.48,1021.88,12.08,11.5,0,0,12.68,6.58,0,0,0,0,1.7,76.05,0,0
3639.51,567.82,23.23,34.88,0,0,11.64,6.66,1,113,787000,0,5,70.52,0,0
1373.25,924.04,29.5,64.69,0,0,1.13,0.49,0,0,0,0,4.37,92.69,0,0
3575.52,834.69,30.96,46.09,0,0,3.54,1.55,0,0,0,0,4.09,73.54,0,0
2499.62,928.97,27.97,5,1,0,14.17,4.16,1,44,113000,0,3.02,50.38,0,0
2678.68,1120.19,12.58,34.2,0,0,11.31,5.87,1,119,115000,0,3.64,98,0,0
1507.7,393.8,21.59,51.05,0,0,4.03,1.5,0,0,0,0,3.91,82.26,0,0
2327.72,1046.66,11.2,40.87,0,0,8.07,4.04,0,0,0,0,3.54,42.15,0,0
3556.26,1089.52,26.02,33.77,0,0,17.66,8.96,0,0,0,0,5,69.53,0,0
4082.01,974.79,14.07,12.88,0,0,7.13,1.98,1,139,217000,0,4.06,55.76,0,0
2530.25,918.43,12.02,13.2,0,0,4.3,1.54,1,22,989000,0,3.34,60.06,0,0
2638.33,125.59,14.55,34.25,0,0,6.87,3.45,0,0,0,0,3.48,66.04,0,0
4362.68,812.53,8.68,5.58,0,0,7.67,2.07,0,0,0,0,4.87,77.9,0,0
2087.43,957.34,20.17,58.53,0,0,5.23,1.55,0,0,0,0,3.12,98,0,3
3493.63,834,2,19.34,0,0,8.41,3.38,0,0,0,1,4.59,74.53,0,0
3583.09,845.92,19.14,6.27,0,0,9.66,3.33,0,0,0,0,4.94,75.12,0,0
1124.27,1339.63,2,44.68,0,0,7.83,3.63,1,84,500000,0,3.86,35.27,0,0
3789.57,585.86,3.56,28.89,0,0,3.32,1.49,1,10,595000,0,4.72,96.19,0,0
3011.22,765.32,6.21,19.16,0,0,7.13,1.71,1,99,859000,0,4.97,78.37,0,0
2769.89,928.43,24.96,27.43,0,0,8.22,2.87,0,0,0,0,3.32,81.49,0,0
1901.45,1308.86,10.89,37.09,0,0,6.96,3.17,0,0,0,0,2.67,71.83,0,0
1606.63,1077.94,18.8,38.13,0,1,9.44,3.39,0,0,0,0,3.27,64.88,0,0
3669.7,396.23,24.53,29.12,0,0,10.12,4.06,1,114,71000,0,2.79,61.34,0,0
1698.43,745.5,22.53,27.53,0,0,14.73,4.04,0,0,0,0,2.68,80.69,0,0
3047.05,766.85,3.98,14.5,0,0,9.95,3.89,0,0,0,2,4.65,98,0,0
2600.59,720.7,23.15,5,0,0,2.22,0.76,1,159,843000,0,4.28,60.58,0,0
2653.28,595.08,15.88,10.45,0,0,7.02,2.68,0,0,0,0,2.31,64.56,0,0
3323.17,890.93,11.55,43.52,0,0,12.38,5.31,0,0,0,0,3.71,66.21,0,0
3073.18,954.4,25.86,14.92,0,0,3.48,2.26,1,139,844000,0,4.2,98,0,0
2418.86,781.28,6.62,6.39,0,0,1.17,0.4,0,0,0,0,3.18,98,0,0
2153.78,615.85,14.25,16.07,0,0,16.32,10.78,1,78,546000,0,4.14,74.96,0,0
2461.59,1140.87,3.78,5,0,0,5.01,2.09,1,194,157000,0,4.48,52.04,0,2
3445.72,1147.42,24.56,5,0,0,1.45,0.76,0,0,0,0,4.3,98,0,1
501.92,998.34,17.96,28.7,1,0,10.1,1.38,0,0,0,0,4.21,57.07,0,0
2558.25,952.44,17.23,84.95,0,0,8.46,2.59,0,0,0,0,3.36,93.17,0,0
3057.05,426.08,18.55,46.29,0,0,9.59,4.07,0,0,0,0,3.56,77.41,0,0
2984.79,664.73,22.3,56.85,0,0,10.88,3.98,0,0,0,0,5,72.38,0,0
2114.87,649.36,14.38,56.34,0,0,8.28,2.51,0,0,0,0,5,91.01,0,0
1949.03,989.57,17.28,47.3,0,0,1,0.55,0,0,0,0,3.74,58.02,0,0
2486.62,955.96,18.47,13.91,0,0,9.37,3.15,0,0,0,0,3.56,88.17,0,0
1504.42,516.83,10.82,21.54,0,0,11.81,4.31,1,11,776000,0,4.57,85.65,0,0
1867.28,709.6,2,5,0,0,10.99,5.55,0,0,0,0,4.43,75.4,0,0
3087.1,516.28,14.14,42.44,0,0,8.49,3.71,0,0,0,0,4.74,74.43,0,0
2868.82,1154.09,15.48,34.55,0,0,17.9,5.83,1,175,92000,0,5,66.18,0,0
2703.74,293.7,21.9,47.86,0,0,3.03,1.44,0,0,0,0,4.51,83.24,0,0
1936.41,839.47,22.11,41.47,0,0,11.89,5.27,0,0,0,0,4.65,91.38,0,0
2620.66,594.77,11.96,33.29,0,0,8.67,2.85,0,0,0,0,3.38,98,0,0
2166.83,1749.75,12.14,5,0,0,6.23,2.32,0,0,0,0,4.25,98,0,0
3286.22,952.16,10.38,76.98,0,0,11.84,6.79,1,151,437000,0,5,98,0,0
2449.13,739.71,3,62.03,0,0,11.65,6.03,0,0,0,0,4.35,68.64,0,0
1929.28,991.82,25.2,5,0,0,7.44,2.63,0,0,0,0,3.7,51.79,0,0
2844.15,599.11,16.15,5,0,0,12.64,3.81,0,0,0,0,3.4,98,0,0
3867.14,834.13,15.03,54.58,0,0,7.15,3.38,1,43,328000,0,3.78,60.61,0,0
2817.65,803.86,23.96,28.04,1,0,8.95,4.39,0,0,0,0,4.13,67.03,0,0
1747.28,130.48,19.79,48.29,0,0,3.13,0.62,0,0,0,0,3.45,57.34,0,0
2239.49,1022.62,14.85,49.33,0,0,4.36,1.87,1,14,441000,0,3.35,73.29,0,0
1891.49,1317.9,29.99,18.55,0,0,8.03,4.32,1,103,474000,0,3.85,98,0,0
1051.52,1362.14,31.81,49.8,0,0,5.47,2.11,1,45,697000,0,4.56,72.83,0,0
4251.43,687.46,28.94,73.47,0,0,7.06,4.04,0,0,0,0,4.83,47.55,0,0
1569.43,972.04,23.74,18.87,0,0,8.92,2.64,0,0,0,0,4.84,41.63,0,0
1759.24,1218.91,20.17,50.19,0,0,5.01,2.45,1,53,216000,0,3.09,98,0,0
3077.56,283.64,2,21.53,0,0,11.63,4.83,0,0,0,0,3.5,98,0,0
3361.69,1012.09,12.53,34.14,0,0,4.96,1.09,1,81,106000,0,3.66,98,0,0
1682.67,655.37,12.61,77.83,0,0,4.52,2.36,1,212,120000,0,3.89,98,0,0
1714.11,743.38,11.68,14.83,0,0,13.32,5.2,1,200,157000,0,3.49,47.85,0,0
3114.49,1363.97,18.39,5,0,0,11.52,5.82,0,0,0,0,3.62,92.79,0,0
2501.75,805.17,12.44,25.58,0,0,4.58,1.92,1,200,877000,0,3.46,88.24,0,0
3235.13,576.27,8.42,5,0,1,8.83,3.02,1,38,392000,0,5,53.65,0,0
3091.88,812.38,7.19,46.37,0,0,9.55,2.82,0,0,0,0,4.86,63.52,0,0
3858.29,653.32,18.5,5,0,0,9.27,5.07,0,0,0,0,4.43,56.33,0,0
1332.25,438.66,28.88,13.38,0,0,6.64,3.95,0,0,0,0,3.7,44.82,0,0
2184.96,971.5,4.31,35.25,0,0,9.19,4.13,0,0,0,0,3.14,98,0,0
2470.92,1365.45,5.71,56.53,0,0,8.2,4.33,1,79,646000,0,4.61,87.59,0,0
2603.43,515.35,16.2,30.24,0,0,14.16,6.12,0,0,0,0,4.22,68.74,0,0
1771.21,398.89,2.01,23.13,0,0,4.84,1.73,1,21,479000,0,5,82.05,0,0
2089.43,1341.67,14.3,19.18,0,0,4.34,2.09,1,62,380000,0,3.38,91.85,0,0
1646.76,833.98,19.82,71.56,1,0,5.92,3.42,0,0,0,0,2.99,91.97,0,0
4190.92,520.76,16.58,5,0,0,5.25,1.94,0,0,0,0,3.93,68.49,0,0
2151.89,839.87,21.22,5,0,0,1,0.59,1,126,501000,0,5,68.77,0,0
2255.01,648.86,9.6,30.19,0,0,6.21,2.74,0,0,0,0,3.37,79.39,0,0
3298.39,1034.06,19.25,5,0,0,10.7,3.68,0,0,0,0,4.51,78.3,0,0
1298.03,1072.23,20.96,37.44,0,0,14.52,6.14,1,32,227000,0,4.45,82.46,0,0
2793.36,912.33,21.37,40.51,0,0,11.55,3.99,0,0,0,0,5,53.32,0,0
2558.35,435.26,35.48,34.67,0,0,10.58,3.86,1,77,801000,0,3.57,50.87,0,0
2150.63,1122.23,5.86,41.2,0,0,6.57,2.32,1,150,420000,0,4.04,64.23,0,0
2464.86,328.91,11.61,61.35,0,0,15.38,5.1,1,54,553000,0,2.97,97.81,0,0
1487.61,881.42,18.28,20.19,0,0,12.85,3.39,1,35,249000,0,4.83,60.36,0,0
3634.62,1165.35,11.66,63.98,0,0,14.64,5.11,0,0,0,0,4.24,98,0,0
1607.99,979.6,24.39,32.06,0,0,8.6,4.18,0,0,0,0,4.72,84.28,0,0
3061.16,1347.5,7.82,24.42,0,0,5.43,2.16,0,0,0,0,4.74,98,0,0
2003.39,943.02,11.95,9.98,0,0,11.42,4.71,0,0,0,0,3.61,42.99,0,0
2269.23,761.18,18.45,44.71,0,0,4.64,2.45,0,0,0,0,4.92,62.19,0,0
1830.02,666.28,14.63,48.33,0,0,5.07,1.66,0,0,0,0,3.86,86.03,0,0
2484.82,1128.78,9.3,57.04,0,0,12.68,4.95,0,0,0,0,3.78,79,0,0
2956.11,1123.65,16.16,40.09,0,0,9.18,4.86,1,3,303000,0,3.32,89.14,0,0
3345.32,741.48,3.54,15.6,0,0,1,0.5,0,0,0,0,2.94,68.6,0,0
4041.97,557.51,8.32,74.57,0,0,1,0.48,0,0,0,0,3.75,92.97,0,0
1758.29,706.39,22.58,12.86,0,0,1,0.37,0,0,0,0,4,91.15,0,0
2372.09,806.8,33.65,61.36,0,0,11.56,5.62,0,0,0,0,3.83,71.14,0,0
4387.34,1143.02,12.24,41.27,0,0,1,0.56,0,0,0,0,2.85,64.64,0,0
1903.93,889.85,6.55,5,0,0,9.43,5.16,0,0,0,0,4.54,63.14,0,0
1336.23,963.03,25.9,40.59,0,0,9,3.23,1,205,970000,1,3.89,68.1,0,0
2269.17,775.59,10.8,54.09,0,0,5.85,2.52,1,118,357000,0,4.18,69.98,0,0
3264.45,569.93,34.19,24.56,1,0,9.12,4.08,1,67,920000,0,5,61.09,0,0
2861.64,557.45,17.37,5,0,0,7.6,4.13,0,0,0,0,4.88,84.87,1,0
2410.74,704.98,22.6,31.17,0,0,10.46,4.65,0,0,0,0,3.98,40.79,0,0
3154.6,1147.5,7.96,5.26,0,0,10.07,3.92,0,0,0,0,4,25.89,0,0
2359.83,1352.18,5.7,5,0,0,4.7,1.94,0,0,0,0,3.92,86.27,0,0
2013.81,948.71,13.28,73.21,0,0,11.42,6.68,1,106,957000,0,2.93,53.3,0,0
2258.73,590,5.15,13.07,0,0,1.78,0.55,1,6,515000,0,3.22,98,0,0
2703.21,1177.26,22.45,49.81,0,0,6.69,3.56,0,0,0,0,3.76,90.03,0,0
3967.28,489.26,14.31,5,1,0,6.35,1.63,1,183,990000,0,4.6,98,0,0
1875.25,644.14,15.3,34.6,0,0,9.34,5.79,1,35,981000,0,4.49,75.88,0,0
3626.17,1080,12.26,5,0,0,16.38,7.37,1,150,699000,0,2.07,58.06,0,0
1509.89,643.75,8.46,66.96,0,0,6.23,4.12,0,0,0,0,4.72,88.44,0,0
2199.76,223.4,18.69,43.37,0,0,6.98,2.49,0,0,0,0,2.69,81.24,0,0
2957.94,1347.45,2,30.92,0,0,13.39,5.88,1,155,414000,0,4.07,86.89,0,0
1811.22,772.5,12.81,12.06,0,0,8.63,3.68,0,0,0,0,4.34,60.48,0,0
2972.88,604.05,31.45,9.17,0,0,10.53,4.89,0,0,0,0,3.31,80.51,0,0
3345.25,723.51,13.27,32.52,0,0,10.63,4.15,0,0,0,0,4.55,82.53,0,0
2162.62,997.01,31.71,34.66,0,0,4.41,1.33,0,0,0,0,4.97,79.07,0,0
1461.96,770.25,24.21,28.74,0,0,1.74,0.62,0,0,0,0,3.14,86.33,0,0
2977.11,934.99,18.63,44.25,0,0,6.79,2.81,1,86,369000,0,4.17,98,0,0
3365.81,995.34,24.1,19.67,0,0,7.68,2.66,0,0,0,0,3.55,51.97,0,0
4521.11,472.11,14.65,26,0,0,3.96,1.7,1,198,570000,0,4.67,48.3,0,0
3475.92,933.2,18.91,5,0,0,6.12,2.56,0,0,0,0,4.56,59.5,0,0
3192.45,651.18,19.91,13.2,0,0,1.38,0.45,0,0,0,0,5,66.21,0,0
1889.55,835.13,4.55,5,0,0,7.32,2.41,0,0,0,0,4.96,60.26,0,0
2710.66,466.41,23.77,52.43,0,0,10.33,3.39,0,0,0,0,5,58.77,0,0
3303.18,580.02,30.52,50.22,0,0,4.46,1.69,1,212,705000,0,3.22,71.29,0,0
2749.13,289.97,18.38,5,0,0,12.56,4.46,0,0,0,0,4.33,95.89,0,0
2394.64,896.2,20.77,46.38,0,0,7.04,3.27,0,0,0,0,4.87,71.43,0,0
3732.53,906.88,31.51,17.62,0,0,5.5,2.16,0,0,0,0,4.22,93.04,0,0
1955.86,1121.54,10.91,71.81,0,0,5.22,1.94,0,0,0,0,3.39,55.55,0,0
2349.04,396.4,13.04,51.77,0,0,3.97,1.36,0,0,0,0,4.72,83.17,0,0
2457.48,980.74,22.07,5,0,0,1,0.43,0,0,0,0,3.47,61.88,0,0
3524.57,1093.61,12.54,5,0,0,8.91,3.62,0,0,0,0,3.98,76.65,0,0
1552.49,572.71,14.44,5,0,0,8.58,4.99,1,54,225000,0,5,43.48,0,0
2592.46,1300.78,17.43,65.09,0,0,2.65,0.71,0,0,0,0,5,98,0,0
2450.02,192.45,18.53,18.14,0,0,9.84,4.35,1,84,484000,0,4.16,98,0,0
2653.5,799.46,9.34,29.63,0,1,8.8,4.87,0,0,0,0,5,98,0,0
2807.3,1173.53,6.08,71.86,0,0,6.61,1.6,0,0,0,0,4.91,88.27,0,0
1936.39,1167.43,16.43,13.58,0,0,11.97,5.91,1,205,529000,0,4.65,61.96,0,0
2126.93,547.41,25.07,25.75,0,0,5.07,1.82,0,0,0,0,3.1,88.52,0,0
3233.28,850.52,30.29,19.29,0,0,10.78,4.22,0,0,0,0,3.39,64.99,0,0
4254.36,1097.81,11.85,32.24,0,0,6.04,0.74,0,0,0,0,5,66.2,0,0
1687.67,769.2,3.4,32.54,0,0,7.44,3.9,0,0,0,0,3.94,98,0,0
3145.56,786.88,3.48,5,1,0,6.03,2.37,1,98,388000,0,5,50.14,0,0
2444.01,209.44,18.87,31.97,0,0,3.55,1,0,0,0,0,2.71,82.48,0,0
3863.45,50,17.86,23.2,0,0,9.59,3.08,1,113,790000,0,3.07,77.58,0,0
2636.61,1214.82,12.49,5,0,0,8.66,3.65,1,54,803000,0,4.67,77.1,0,0
2576.44,1104.07,25.38,50.03,0,0,3.35,1.36,0,0,0,0,3.23,55.48,0,0
2509.77,792.15,17.33,29.58,0,0,9.5,2.93,0,0,0,0,3.05,50.65,0,2
1468.28,1001.33,24.37,31.73,0,0,11.89,4.1,0,0,0,0,2.93,65.3,0,0
2005.07,848.23,12.92,5,0,0,1.97,0.7,0,0,0,0,4.39,81.36,0,0
3274.05,696.04,12.84,5,0,0,3.74,1.2,1,19,789000,0,4.2,98,0,0
1296.98,1408.59,9.02,22.35,0,0,8.2,3.03,0,0,0,0,4.2,71.24,0,0
2148.37,1331.53,2,29.49,0,1,9,3.08,1,174,139000,0,4.14,59.03,0,0
2624.39,766,13.59,15.73,0,0,8.37,2.87,0,0,0,0,3.67,60.89,0,0
1623.19,363.48,12.7,6.4,0,0,8.22,4.38,1,172,811000,0,3.51,98,0,0
2990.45,634.96,17.52,43.43,0,0,10.94,3,1,117,989000,0,4.77,86.75,0,0
2855.74,522.17,10.97,40.88,0,0,8.98,4.07,1,183,160000,0,5,45.38,0,0
4364.78,549.77,7.57,34.35,0,0,7.76,3.21,0,0,0,0,5,76.32,0,0
2946.45,767.56,36.24,33.36,0,0,8.63,3.21,0,0,0,0,3.77,98,0,0
3567.01,1140.64,11.58,50.01,0,0,7.94,4.11,0,0,0,0,3.42,98,1,0
4161.12,1148.69,7.31,46.22,0,0,7.78,3.87,0,0,0,0,4.51,64.79,0,0
3428.38,1198.41,15.52,7.32,0,0,6.19,2.02,0,0,0,0,4.35,75.95,0,0
2659.58,810.51,13.66,38.06,0,0,10.35,3.69,0,0,0,0,4.25,98,0,0
2172.6,718.5,3.21,37.76,0,0,6.69,1.6,0,0,0,0,3.95,58.93,0,0
1418.6,563.15,7.11,5,0,0,6.98,3.65,0,0,0,0,4.11,78.71,0,0
2386.07,1221.07,14.38,14.25,0,0,11.69,4.85,0,0,0,0,4.57,98,0,0
2247.97,491.62,16.29,45.6,1,0,3.92,2.14,0,0,0,0,4.49,85.05,0,0
1895.75,1086.39,20.32,46.6,0,0,11.89,2.55,0,0,0,0,4.75,91.48,0,0
3761.12,596.65,11.78,66.97,0,0,11.83,4.11,1,50,237000,0,4.22,69.27,0,0
2246.27,1409.2,24.88,60.25,0,0,1.86,0.86,0,0,0,0,4.02,64.96,0,0
1826.81,930.89,18.47,41.29,0,0,5.76,1.88,0,0,0,0,4.76,60.27,0,0
3322.3,417.94,11.92,5,0,0,6.13,3.03,0,0,0,0,3.52,98,0,0
4021.55,966.55,6.96,23.92,0,0,8.84,3.09,0,0,0,0,4.81,88.24,0,2
1908.1,583.47,20.2,36.87,1,0,9.46,4.01,0,0,0,0,4.73,98,0,0
1933.44,539.7,3.15,59.72,0,0,1,0.4,1,7,576000,0,4.1,48.12,0,0
2172.37,1170.64,14.41,36.52,0,0,13.75,2.74,0,0,0,0,4.08,88.39,0,0
2327.53,1122.43,2,44.34,0,0,10.4,5.23,0,0,0,0,3.46,88.47,0,0
666.82,1133.89,2,55.99,0,0,4.63,1.34,0,0,0,0,3.9,98,0,0
2478.78,1594.91,2,47.66,0,0,1,0.48,0,0,0,0,4.31,81.3,0,0
1276.85,837.57,11.24,41.1,0,0,14.22,2.75,0,0,0,0,5,32.85,0,0
2341.25,602.26,13.31,14.07,0,0,4.76,1.32,1,81,254000,0,3.96,82.89,0,0
3383.77,446.39,20.4,18.62,0,0,10.45,2.26,0,0,0,0,3.65,51.97,0,0
1260.08,591.91,28.31,5,0,0,9.88,3.81,0,0,0,0,3.97,47.79,0,0
2138.35,236.02,4.72,74.55,0,0,10.52,3.47,1,174,875000,0,5,98,0,0
3224.26,50,18.07,66.7,0,0,12.36,3.14,0,0,0,0,3.49,30.51,0,0
2680.94,885.72,23.03,45.62,0,0,9.09,4.66,0,0,0,0,4.13,77.17,0,0
1596.64,705.49,10.13,53.68,0,0,6.8,2.7,1,115,805000,0,4.02,38.73,0,0
3579.08,323.14,20.94,5,0,0,7.37,2.63,0,0,0,0,3.97,72.96,0,0
2974.91,578.15,25.04,14.61,0,0,4.09,1.86,0,0,0,0,5,20,0,0
2072.38,362.87,14.03,70.19,1,0,10.61,3.47,0,0,0,0,3.5,50.25,0,0
3604.63,1212.68,20.42,5,0,0,3.69,0.91,0,0,0,0,4.68,56.19,0,0
2569.07,754.35,25.87,32.18,0,0,1,0.51,0,0,0,0,4.43,90.95,0,0
2844.1,596.82,13.39,5.07,0,0,17.52,6.37,1,52,999000,0,5,54.55,0,0
2844.91,314.03,8.43,25.47,0,0,12.14,6.17,1,104,988000,0,3.09,77.87,0,0
1400,87.8,7.76,23.21,0,0,8.58,4.04,0,0,0,0,5,88.42,0,0
2260.83,580.54,10.5,73.37,0,0,9.55,3.35,0,0,0,0,3.31,66.22,0,0
1069.11,758.11,22.67,15.9,0,0,5.34,1.96,0,0,0,0,5,75.62,0,0
3478.07,352.24,4.35,45.71,0,0,3.01,1.6,1,55,230000,0,2.59,98,0,0
3922.58,996.4,10.77,5.45,0,0,8.13,2.95,0,0,0,0,3.1,98,0,0
2887.8,909.85,15.9,63.92,0,0,7.32,2.58,1,216,392000,0,3.93,88.6,0,0
2509.83,98.54,2,69.84,0,0,1.91,0.57,0,0,0,0,3.7,55.42,0,0